scenario,history_stratum,prediction_type,horizon_years,bin_index,n_landmarks,n_patients,prediction_min,prediction_max,patient_balanced_mean_prediction,weighted_km_observed_risk,calibration_difference
no_ADAS13,all,raw_zero_shot,1,0,2630,1449,0.005026298388838724,0.008726775366812989,0.006628359899596543,0.010345597931806005,-0.003717238032209462
no_ADAS13,all,raw_zero_shot,1,1,2630,1902,0.008728262735530734,0.01277036216321592,0.010885129608299966,0.01619205473221086,-0.0053069251239108925
no_ADAS13,all,raw_zero_shot,1,2,2630,2150,0.01277267197147014,0.01695586163550611,0.014879697643684056,0.015973233652341268,-0.0010935360086572112
no_ADAS13,all,raw_zero_shot,1,3,2631,2229,0.016958334296941713,0.022013841196894646,0.019425983358170487,0.030706565440604572,-0.011280582082434085
no_ADAS13,all,raw_zero_shot,1,4,2630,2236,0.0220180731266737,0.028990026190876983,0.0252597716035691,0.03328155615862216,-0.00802178455505306
no_ADAS13,all,raw_zero_shot,1,5,2630,2269,0.02899290413804445,0.04031118513693488,0.034119339783034136,0.05168138742417916,-0.017562047641145023
no_ADAS13,all,raw_zero_shot,1,6,2631,2313,0.040313699277445436,0.05832711057961715,0.048451569872141304,0.06174497979819571,-0.013293409926054406
no_ADAS13,all,raw_zero_shot,1,7,2630,2262,0.05833649825653486,0.09616951644420624,0.07423253311728359,0.08325484291460117,-0.00902230979731758
no_ADAS13,all,raw_zero_shot,1,8,2630,2089,0.09620202491680585,0.18344824612140653,0.1338078812378783,0.1311432636836416,0.0026646175542366923
no_ADAS13,all,raw_zero_shot,1,9,2631,1788,0.18347165882587435,0.8340286556798049,0.2774653416919908,0.14733097872088918,0.1301343629711016
no_ADAS13,all,raw_zero_shot,2,0,2630,1472,0.016944856100370997,0.03198967301565103,0.024003065679233843,0.04007846283248029,-0.016075397153246445
no_ADAS13,all,raw_zero_shot,2,1,2630,1938,0.031995117280393615,0.04705389424280959,0.039958411531512424,0.08821858127413995,-0.04826016974262753
no_ADAS13,all,raw_zero_shot,2,2,2630,2203,0.04705437688743941,0.060254340259411676,0.05396228848190079,0.091843492807267,-0.037881204325366215
no_ADAS13,all,raw_zero_shot,2,3,2631,2272,0.06027053592527554,0.0760594602401139,0.06792710532335397,0.1516024937214897,-0.08367538839813574
no_ADAS13,all,raw_zero_shot,2,4,2630,2242,0.07605948145263075,0.09869079693045912,0.08657497878109043,0.19430609832361667,-0.10773111954252625
no_ADAS13,all,raw_zero_shot,2,5,2630,2295,0.09869368771020803,0.1306253039158054,0.11337420064563505,0.2553748250893896,-0.14200062444375453
no_ADAS13,all,raw_zero_shot,2,6,2631,2313,0.13062899895144697,0.17633349925623454,0.15170697884785248,0.27509240037112903,-0.12338542152327656
no_ADAS13,all,raw_zero_shot,2,7,2630,2233,0.17638552742060465,0.27940556915312376,0.21814169619729312,0.39671297453179977,-0.17857127833450664
no_ADAS13,all,raw_zero_shot,2,8,2630,2017,0.2794236349427546,0.4642747288364232,0.36048712555255297,0.47608421121429223,-0.11559708566173926
no_ADAS13,all,raw_zero_shot,2,9,2631,1758,0.46429306596428876,0.9854971932692455,0.6062922563498483,0.5119472526638467,0.09434500368600163
no_ADAS13,all,raw_zero_shot,3,0,2630,1481,0.03256280536147271,0.0627553189467811,0.04751151056622802,0.0745008492156527,-0.026989338649424675
no_ADAS13,all,raw_zero_shot,3,1,2630,1932,0.06275811369218953,0.09320337781644994,0.07890184506667361,0.14189276850264565,-0.06299092343597204
no_ADAS13,all,raw_zero_shot,3,2,2630,2183,0.09322950185457157,0.12145919917405512,0.10750258185187439,0.17290786612782727,-0.06540528427595288
no_ADAS13,all,raw_zero_shot,3,3,2631,2261,0.12146273496650972,0.15140204651113298,0.1365752286637886,0.22551594317560097,-0.08894071451181237
no_ADAS13,all,raw_zero_shot,3,4,2630,2282,0.1514035536256696,0.1877257692525377,0.16859039152255345,0.27752121647665606,-0.10893082495410261
no_ADAS13,all,raw_zero_shot,3,5,2630,2284,0.18776032467244075,0.2367792460843402,0.21027016384282243,0.3462182223144512,-0.13594805847162877
no_ADAS13,all,raw_zero_shot,3,6,2631,2262,0.23679874421357638,0.3141383058672662,0.27234639780056513,0.48414585998221904,-0.2117994621816539
no_ADAS13,all,raw_zero_shot,3,7,2630,2178,0.3141722308701146,0.4568453012286301,0.3770727540486607,0.5781177672801632,-0.20104501323150248
no_ADAS13,all,raw_zero_shot,3,8,2630,2043,0.4569104906466487,0.6547484442202763,0.5500600199672985,0.6434320891943571,-0.09337206922705865
no_ADAS13,all,raw_zero_shot,3,9,2631,1778,0.6547505828794957,0.999355191055581,0.7721410677811423,0.7031286400960479,0.06901242768509441
no_ADAS13,all,raw_zero_shot,5,0,2630,1494,0.06209238391569083,0.12419763528263716,0.09403783983941283,0.13870651752729557,-0.04466867768788274
no_ADAS13,all,raw_zero_shot,5,1,2630,1916,0.12425871302571401,0.1872677636252349,0.1569509393246662,0.23806443237870722,-0.08111349305404103
no_ADAS13,all,raw_zero_shot,5,2,2630,2186,0.1872753386798116,0.24112767643811528,0.21545559569801317,0.27316981021073405,-0.05771421451272088
no_ADAS13,all,raw_zero_shot,5,3,2631,2248,0.24118933757578298,0.29330291472564385,0.2675196578940537,0.340950537554327,-0.07343087966027334
no_ADAS13,all,raw_zero_shot,5,4,2630,2307,0.29341858564294043,0.35270674974779703,0.32259356107016235,0.43731215154975644,-0.1147185904795941
no_ADAS13,all,raw_zero_shot,5,5,2630,2286,0.3527110298411008,0.43049639556391794,0.38971583173974944,0.5046460077518199,-0.11493017601207045
no_ADAS13,all,raw_zero_shot,5,6,2631,2246,0.43051832523311573,0.5385320346222182,0.4819327352069207,0.6303280306508711,-0.14839529544395036
no_ADAS13,all,raw_zero_shot,5,7,2630,2188,0.5386828895149463,0.6962840646761655,0.6118003761533217,0.7577671298007649,-0.14596675364744316
no_ADAS13,all,raw_zero_shot,5,8,2630,2035,0.6963504607308834,0.8559280009996098,0.776079893311525,0.8041739153357367,-0.02809402202421163
no_ADAS13,all,raw_zero_shot,5,9,2631,1789,0.855979042659696,0.9999941520837176,0.9200870094878634,0.8363887002979671,0.08369830918989629
no_ADAS13,all,cross_fitted_intercept_only,1,0,2630,1440,0.0040395430632345075,0.007132396175099198,0.005411107816472104,0.010381473761009508,-0.004970365944537403
no_ADAS13,all,cross_fitted_intercept_only,1,1,2630,1772,0.007132597667686147,0.011149754535983547,0.00910081896197659,0.017755021363977663,-0.008654202402001073
no_ADAS13,all,cross_fitted_intercept_only,1,2,2630,2034,0.011153752357243252,0.016124979700873787,0.013718286099705563,0.016667316907708507,-0.002949030808002944
no_ADAS13,all,cross_fitted_intercept_only,1,3,2631,2226,0.01612662912175733,0.02133407948366084,0.01867740090846524,0.0223677477212898,-0.0036903468128245583
no_ADAS13,all,cross_fitted_intercept_only,1,4,2630,2277,0.021334129882186748,0.028124492787786948,0.024471947609910834,0.04224882747646619,-0.017776879866555354
no_ADAS13,all,cross_fitted_intercept_only,1,5,2630,2284,0.02812543702124315,0.03900009012158556,0.03320662067295423,0.047464850727430896,-0.014258230054476663
no_ADAS13,all,cross_fitted_intercept_only,1,6,2631,2341,0.03900388141067268,0.057775805585934426,0.04770341890196289,0.063583373662361,-0.015879954760398107
no_ADAS13,all,cross_fitted_intercept_only,1,7,2630,2284,0.057775946916032495,0.09110416472778693,0.0721348240770265,0.06746763262062117,0.004667191456405331
no_ADAS13,all,cross_fitted_intercept_only,1,8,2630,2114,0.09111692941025518,0.16394986860007243,0.12180142033715866,0.12984850558035255,-0.008047085243193891
no_ADAS13,all,cross_fitted_intercept_only,1,9,2631,1820,0.16405421938848253,0.8471162276382996,0.25021611681341754,0.14809031569750808,0.10212580111590946
no_ADAS13,all,cross_fitted_intercept_only,2,0,2630,1481,0.02361244634732318,0.045789458804081806,0.03436777676579597,0.03867554963195308,-0.004307772866157106
no_ADAS13,all,cross_fitted_intercept_only,2,1,2630,1780,0.04581496511051242,0.07440452312754597,0.05920706243873476,0.08484060540744398,-0.02563354296870922
no_ADAS13,all,cross_fitted_intercept_only,2,2,2630,1887,0.07440623924827894,0.11541477103703113,0.09452531288737683,0.11453711753579321,-0.020011804648416384
no_ADAS13,all,cross_fitted_intercept_only,2,3,2631,2163,0.11542018974177826,0.16014680466879783,0.139564125319067,0.11490035715243141,0.024663768166635597
no_ADAS13,all,cross_fitted_intercept_only,2,4,2630,2357,0.16016878604951756,0.20095119349571322,0.1802238546241312,0.15732642645235762,0.022897428171773593
no_ADAS13,all,cross_fitted_intercept_only,2,5,2630,2360,0.20095697777603938,0.2552792132316778,0.22598410801558796,0.22960353687809143,-0.0036194288625034654
no_ADAS13,all,cross_fitted_intercept_only,2,6,2631,2382,0.25532697927830816,0.33490797250522,0.29268596001456326,0.2917339065570851,0.0009520534574781747
no_ADAS13,all,cross_fitted_intercept_only,2,7,2630,2325,0.33493346977529626,0.42989311269936226,0.3791062959809115,0.3187039924884597,0.06040230349245179
no_ADAS13,all,cross_fitted_intercept_only,2,8,2630,2134,0.4299114806687647,0.5893385039353618,0.5018570619717794,0.4606386120662145,0.04121844990556489
no_ADAS13,all,cross_fitted_intercept_only,2,9,2631,1816,0.5893630494232243,0.9967731682696297,0.7068642588734665,0.5415589504085068,0.16530530846495972
no_ADAS13,all,cross_fitted_intercept_only,3,0,2630,1482,0.04471542693395236,0.08864537006420958,0.06632208063585991,0.07311152352837813,-0.006789442892518219
no_ADAS13,all,cross_fitted_intercept_only,3,1,2630,1775,0.08867114971215606,0.14323390735438235,0.11483142917244839,0.15499811719368362,-0.04016668802123523
no_ADAS13,all,cross_fitted_intercept_only,3,2,2630,1950,0.14325418554878,0.20880156240308712,0.1768957015998292,0.18824038332495496,-0.01134468172512576
no_ADAS13,all,cross_fitted_intercept_only,3,3,2631,2201,0.2088537059098594,0.271982895605802,0.24161380631478757,0.1983592665436933,0.04325453977109428
no_ADAS13,all,cross_fitted_intercept_only,3,4,2630,2333,0.2719847343544396,0.3360763669918386,0.30409595168413767,0.2456101011741918,0.05848585050994587
no_ADAS13,all,cross_fitted_intercept_only,3,5,2630,2361,0.3361124820263296,0.40619572966026396,0.3696532561152153,0.3363832724070739,0.03326998370814144
no_ADAS13,all,cross_fitted_intercept_only,3,6,2631,2365,0.40619794303078227,0.49885140348161305,0.4506007077172964,0.40873236832545434,0.041868339391842035
no_ADAS13,all,cross_fitted_intercept_only,3,7,2630,2242,0.498873618613233,0.6211171467574579,0.5568675019283302,0.5274250513302657,0.029442450598064496
no_ADAS13,all,cross_fitted_intercept_only,3,8,2630,2099,0.6211355282447475,0.7762582738493364,0.6973825232818934,0.6473115069298896,0.05007101635200384
no_ADAS13,all,cross_fitted_intercept_only,3,9,2631,1831,0.7762584150041548,0.9999328827373426,0.8615368133566703,0.7284277800965528,0.13310903326011747
no_ADAS13,all,cross_fitted_intercept_only,5,0,2630,1485,0.08898412498914454,0.177504857556667,0.13459319887513138,0.1389168213525822,-0.004323622477450828
no_ADAS13,all,cross_fitted_intercept_only,5,1,2630,1831,0.17754137634400058,0.2759067620504678,0.2267115146285036,0.25807907341880265,-0.03136755879029904
no_ADAS13,all,cross_fitted_intercept_only,5,2,2630,2089,0.27594598943528215,0.36679880720229785,0.3237957225600228,0.29416818289689795,0.02962753966312487
no_ADAS13,all,cross_fitted_intercept_only,5,3,2631,2226,0.36681935111979025,0.4425907196833966,0.4056116419943308,0.32732931737834625,0.07828232461598456
no_ADAS13,all,cross_fitted_intercept_only,5,4,2630,2308,0.4425907196833966,0.5191213283023316,0.48070144037938556,0.3900885270003408,0.09061291337904476
no_ADAS13,all,cross_fitted_intercept_only,5,5,2630,2316,0.5191234122063915,0.6044079577276311,0.560278592684745,0.49611877915412617,0.06415981353061884
no_ADAS13,all,cross_fitted_intercept_only,5,6,2631,2289,0.6044288487856403,0.7052940359535378,0.6526985674803518,0.5941281530253515,0.05857041445500033
no_ADAS13,all,cross_fitted_intercept_only,5,7,2630,2220,0.705344699901429,0.8251289519153433,0.7639913028750256,0.7366998088843822,0.027291493990643345
no_ADAS13,all,cross_fitted_intercept_only,5,8,2630,2085,0.8251538865285631,0.9279631273924338,0.8786173944976553,0.8015996577004687,0.0770177367971866
no_ADAS13,all,cross_fitted_intercept_only,5,9,2631,1803,0.9280856060964352,0.999999568943056,0.963085620373042,0.851582748818878,0.11150287155416405
no_ADAS13,all,cross_fitted_intercept_slope,1,0,2630,1467,0.013704284155792501,0.020166572680564543,0.017288004847551205,0.010304856869013612,0.006983147978537593
no_ADAS13,all,cross_fitted_intercept_slope,1,1,2630,1942,0.02016799324747931,0.02508412122116155,0.022834722767523193,0.014776038490373233,0.00805868427714996
no_ADAS13,all,cross_fitted_intercept_slope,1,2,2630,2125,0.02508532438369271,0.029734370039296354,0.027386603825985525,0.015793297345314317,0.011593306480671209
no_ADAS13,all,cross_fitted_intercept_slope,1,3,2631,2217,0.029740626281677285,0.03514510807388571,0.032403945544942594,0.033997338974976254,-0.00159339343003366
no_ADAS13,all,cross_fitted_intercept_slope,1,4,2630,2188,0.0351452823491587,0.04192127476724927,0.0384109540127973,0.03310765755740086,0.005303296455396442
no_ADAS13,all,cross_fitted_intercept_slope,1,5,2630,2227,0.0419234788590338,0.051757572406140095,0.0465164335861418,0.05426737252567371,-0.0077509389395319095
no_ADAS13,all,cross_fitted_intercept_slope,1,6,2631,2283,0.0517638075971566,0.06620198692874002,0.058396921588468334,0.06306500750509525,-0.004668085916626916
no_ADAS13,all,cross_fitted_intercept_slope,1,7,2630,2244,0.06621670641853328,0.08983405550369528,0.07657537998038315,0.07311929501854864,0.003456084961834513
no_ADAS13,all,cross_fitted_intercept_slope,1,8,2630,2070,0.08983405550369528,0.131745374786584,0.10844650618081166,0.12824258027119062,-0.019796074090378965
no_ADAS13,all,cross_fitted_intercept_slope,1,9,2631,1831,0.1317947882716688,0.6051219304201475,0.17616313652129653,0.1487668254619472,0.027396311059349338
no_ADAS13,all,cross_fitted_intercept_slope,2,0,2630,1481,0.05598316299235817,0.08686131428017008,0.07148589687602541,0.03973901808992697,0.03174687878609844
no_ADAS13,all,cross_fitted_intercept_slope,2,1,2630,1815,0.0868632067175571,0.1181720319824765,0.10280958653285203,0.08073562172747206,0.022073964805379973
no_ADAS13,all,cross_fitted_intercept_slope,2,2,2630,1994,0.11817244778135672,0.15129683483741763,0.1351529826017755,0.10820343029926327,0.026949552302512225
no_ADAS13,all,cross_fitted_intercept_slope,2,3,2631,2180,0.15130427349643827,0.18240899999820226,0.16696659854966123,0.11272477667354852,0.054241821876112706
no_ADAS13,all,cross_fitted_intercept_slope,2,4,2630,2264,0.18241863761299537,0.2186867259681582,0.19967089050595704,0.15780319454851666,0.04186769595744039
no_ADAS13,all,cross_fitted_intercept_slope,2,5,2630,2262,0.2187102410834133,0.2672395310401937,0.2413927413473244,0.24907260113110363,-0.007679859783779219
no_ADAS13,all,cross_fitted_intercept_slope,2,6,2631,2309,0.2672423994762285,0.33504718489591867,0.29902409843318084,0.3006029604154602,-0.001578861982279356
no_ADAS13,all,cross_fitted_intercept_slope,2,7,2630,2262,0.335050872115934,0.4116686538899311,0.3721996566319486,0.3152761873886468,0.05692346924330177
no_ADAS13,all,cross_fitted_intercept_slope,2,8,2630,2108,0.41170929637357845,0.524463716340104,0.4640584341102194,0.43556296299961716,0.028495471110602244
no_ADAS13,all,cross_fitted_intercept_slope,2,9,2631,1863,0.5245092741081177,0.9936159874820805,0.6288594603759641,0.5511465800377022,0.07771288033826185
no_ADAS13,all,cross_fitted_intercept_slope,3,0,2630,1478,0.09255861084543882,0.14683074783576033,0.12045278680869198,0.07263740723966239,0.04781537956902959
no_ADAS13,all,cross_fitted_intercept_slope,3,1,2630,1860,0.1468850369012803,0.1977560652349375,0.17294304983159006,0.1534159375676334,0.019527112263956675
no_ADAS13,all,cross_fitted_intercept_slope,3,2,2630,2061,0.19775892934513484,0.24678337064659617,0.22242616306411753,0.16811781069574117,0.05430835236837636
no_ADAS13,all,cross_fitted_intercept_slope,3,3,2631,2160,0.24684233237412834,0.2964788650357847,0.27113079480944186,0.207461914937636,0.06366887987180586
no_ADAS13,all,cross_fitted_intercept_slope,3,4,2630,2256,0.2964918266550739,0.34945411181258235,0.32278430188359514,0.25820767868442285,0.06457662319917229
no_ADAS13,all,cross_fitted_intercept_slope,3,5,2630,2269,0.34947339601151717,0.4141822404274452,0.38110511091906407,0.34175377745650315,0.03935133346256092
no_ADAS13,all,cross_fitted_intercept_slope,3,6,2631,2302,0.41419968942860297,0.4949010806501276,0.45276043471432603,0.4130154093167976,0.039745025397528444
no_ADAS13,all,cross_fitted_intercept_slope,3,7,2630,2178,0.4949284461444341,0.5965735350856495,0.5445175547162223,0.5195305316303005,0.024987023085921822
no_ADAS13,all,cross_fitted_intercept_slope,3,8,2630,2051,0.5965822640746468,0.7174000369733183,0.6552749937119461,0.6329985474332214,0.022276446278724715
no_ADAS13,all,cross_fitted_intercept_slope,3,9,2631,1904,0.7174739766108614,0.9999206454626234,0.8100891035714788,0.7365425686852933,0.07354653488618546
no_ADAS13,all,cross_fitted_intercept_slope,5,0,2630,1495,0.13948854353823203,0.26611468508124725,0.22580656816835215,0.13410843824691177,0.09169812992144039
no_ADAS13,all,cross_fitted_intercept_slope,5,1,2630,1925,0.266128622025291,0.3380186281319859,0.3035201784280506,0.25216113484723635,0.05135904358081428
no_ADAS13,all,cross_fitted_intercept_slope,5,2,2630,2106,0.3380423623562562,0.4014685826112169,0.37045546089459,0.2780331029263591,0.09242235796823095
no_ADAS13,all,cross_fitted_intercept_slope,5,3,2631,2160,0.4014997594931038,0.46276744817497206,0.43240493171404193,0.3562251869724622,0.07617974474157974
no_ADAS13,all,cross_fitted_intercept_slope,5,4,2630,2222,0.46276802295606,0.5288724296594363,0.4955331157473227,0.4120367814231609,0.08349633432416181
no_ADAS13,all,cross_fitted_intercept_slope,5,5,2630,2219,0.5288776986182662,0.6035701489427172,0.5649123060105311,0.504722597926442,0.06018970808408908
no_ADAS13,all,cross_fitted_intercept_slope,5,6,2631,2214,0.6036215004351283,0.691521523952493,0.6461616269762455,0.5850021246041179,0.06115950237212753
no_ADAS13,all,cross_fitted_intercept_slope,5,7,2630,2140,0.6915314571141982,0.7893289178482723,0.7403531132427578,0.7054320730052066,0.03492104023755116
no_ADAS13,all,cross_fitted_intercept_slope,5,8,2630,2046,0.789381167079392,0.8791903677529564,0.8350489302561579,0.7935955925682051,0.041453337687952785
no_ADAS13,all,cross_fitted_intercept_slope,5,9,2631,1902,0.8792088803467307,0.999999864399702,0.9307922395075179,0.8686099508596133,0.06218228864790454
no_ADAS13,Snapshot,raw_zero_shot,1,0,881,881,0.00677090107454037,0.01472578133889002,0.012554548297356586,0.01119094668307985,0.0013636016142767361
no_ADAS13,Snapshot,raw_zero_shot,1,1,882,882,0.01472578133889002,0.01794592845552312,0.016334035139887557,0.016874533136256087,-0.0005404979963685302
no_ADAS13,Snapshot,raw_zero_shot,1,2,882,882,0.01795024598398043,0.021504624529671612,0.019744394010077437,0.03941543069250397,-0.019671036682426535
no_ADAS13,Snapshot,raw_zero_shot,1,3,881,881,0.021521175522339897,0.025977865943726197,0.02346200450095411,0.028112444293109995,-0.004650439792155885
no_ADAS13,Snapshot,raw_zero_shot,1,4,882,882,0.025984635085800623,0.03188063472170177,0.02884723643242959,0.04385988497430293,-0.015012648541873341
no_ADAS13,Snapshot,raw_zero_shot,1,5,882,882,0.031918189143281595,0.04035819381675465,0.03585743066768465,0.040236617419003085,-0.004379186751318431
no_ADAS13,Snapshot,raw_zero_shot,1,6,881,881,0.04037393933790423,0.05084564510875256,0.045406009788226176,0.06183550288245654,-0.016429493094230363
no_ADAS13,Snapshot,raw_zero_shot,1,7,882,882,0.05086952251709553,0.06569326227694583,0.057923494839063644,0.06191290934204874,-0.003989414502985095
no_ADAS13,Snapshot,raw_zero_shot,1,8,882,882,0.06569326227694583,0.10052626307963863,0.07999556778283534,0.09029464032703183,-0.010299072544196486
no_ADAS13,Snapshot,raw_zero_shot,1,9,882,882,0.10057272346246793,0.8340286556798049,0.18569076826453196,0.1624477007265096,0.023243067538022355
no_ADAS13,Snapshot,raw_zero_shot,2,0,881,881,0.02902525761241448,0.05146085357856178,0.04446228885416081,0.10032929208297725,-0.05586700322881644
no_ADAS13,Snapshot,raw_zero_shot,2,1,882,882,0.051471180977513686,0.060187090151779477,0.05589297677565022,0.08985126275838617,-0.03395828598273595
no_ADAS13,Snapshot,raw_zero_shot,2,2,882,882,0.060187090151779477,0.06949783650912522,0.06469464918006303,0.15875848649787572,-0.09406383731781269
no_ADAS13,Snapshot,raw_zero_shot,2,3,881,881,0.06950098414925554,0.08159616073592246,0.0751691602921499,0.19332730405820064,-0.11815814376605074
no_ADAS13,Snapshot,raw_zero_shot,2,4,882,882,0.08161093024432065,0.09813624935744492,0.08923345223056822,0.2317899104229052,-0.14255645819233698
no_ADAS13,Snapshot,raw_zero_shot,2,5,882,882,0.09819998834532262,0.11767240106899512,0.10774122359261673,0.2814011281978219,-0.1736599046052052
no_ADAS13,Snapshot,raw_zero_shot,2,6,881,881,0.11770735196902282,0.142885448270062,0.13045813251597402,0.27372166553077015,-0.14326353301479614
no_ADAS13,Snapshot,raw_zero_shot,2,7,882,882,0.142885448270062,0.17365087308881244,0.1572191367195541,0.29477166483581607,-0.13755252811626198
no_ADAS13,Snapshot,raw_zero_shot,2,8,882,882,0.17374410787623817,0.24001331494781863,0.20179143134363506,0.4203024512946819,-0.21851101995104685
no_ADAS13,Snapshot,raw_zero_shot,2,9,882,882,0.2400646590224973,0.9854971932692455,0.380583007167037,0.6233858854224931,-0.24280287825545604
no_ADAS13,Snapshot,raw_zero_shot,3,0,881,881,0.03856367612845091,0.10098808235680545,0.08452817254328705,0.12413525189474905,-0.039607079351462
no_ADAS13,Snapshot,raw_zero_shot,3,1,882,882,0.10100114291028173,0.12221358760678924,0.11134201836235276,0.17856547029210967,-0.06722345192975691
no_ADAS13,Snapshot,raw_zero_shot,3,2,882,882,0.122226654294318,0.1420127229863295,0.1319624507739952,0.2042438330450277,-0.07228138227103248
no_ADAS13,Snapshot,raw_zero_shot,3,3,881,881,0.1420127229863295,0.1618621861988122,0.1515185935758468,0.2929433404266012,-0.1414247468507544
no_ADAS13,Snapshot,raw_zero_shot,3,4,882,882,0.1618635150563167,0.1851712975426163,0.17299062908546695,0.2945408757315646,-0.12155024664609768
no_ADAS13,Snapshot,raw_zero_shot,3,5,882,882,0.18517674664254213,0.2128535176232662,0.19867686546684513,0.34334438337980955,-0.14466751791296442
no_ADAS13,Snapshot,raw_zero_shot,3,6,881,881,0.21291124763580238,0.25219970637792166,0.23171072322464517,0.4552061286817065,-0.22349540545706134
no_ADAS13,Snapshot,raw_zero_shot,3,7,882,882,0.25225305686837207,0.3107544783684729,0.27904231483526787,0.5386197911043586,-0.2595774762690908
no_ADAS13,Snapshot,raw_zero_shot,3,8,882,882,0.3107977332370593,0.4317878571743283,0.3636869596816788,0.6647277169099599,-0.3010407572282811
no_ADAS13,Snapshot,raw_zero_shot,3,9,882,882,0.4320273234655122,0.999355191055581,0.6006112092215203,0.7942797304674313,-0.19366852124591094
no_ADAS13,Snapshot,raw_zero_shot,5,0,881,881,0.07755476451763654,0.21115114059221463,0.17898571593331516,0.21413168956918305,-0.03514597363586788
no_ADAS13,Snapshot,raw_zero_shot,5,1,882,882,0.21115114059221463,0.24973420965047877,0.2313146888887557,0.2243747169581951,0.00693997193056059
no_ADAS13,Snapshot,raw_zero_shot,5,2,882,882,0.24973420965047877,0.28288879537637257,0.2661671851595028,0.321405450119322,-0.055238264959819205
no_ADAS13,Snapshot,raw_zero_shot,5,3,881,881,0.2829655744152316,0.31770304684772177,0.2999264766738285,0.3907100667533475,-0.09078359007951903
no_ADAS13,Snapshot,raw_zero_shot,5,4,882,882,0.31770304684772177,0.3539830217704292,0.33544710097988406,0.4368489052857758,-0.10140180430589174
no_ADAS13,Snapshot,raw_zero_shot,5,5,882,882,0.3540249285188659,0.40037272753687925,0.37600376006370595,0.5391858906554012,-0.16318213059169528
no_ADAS13,Snapshot,raw_zero_shot,5,6,881,881,0.4003781262180741,0.45957218794039156,0.42915730663822776,0.5699830650257235,-0.14082575838749573
no_ADAS13,Snapshot,raw_zero_shot,5,7,882,882,0.4596205025200245,0.5456819493898789,0.5011406314631744,0.7016038679326103,-0.20046323646943587
no_ADAS13,Snapshot,raw_zero_shot,5,8,882,882,0.546094767170352,0.6869455119988714,0.6104844310840649,0.8312352177626146,-0.22075078667854964
no_ADAS13,Snapshot,raw_zero_shot,5,9,882,882,0.687435598117655,0.9999941520837176,0.8196569092803978,0.9225081756898339,-0.10285126640943609
no_ADAS13,Snapshot,cross_fitted_intercept_only,1,0,881,881,0.007529736916706997,0.016931825949734303,0.014408223347864155,0.013067358822271169,0.0013408645255929864
no_ADAS13,Snapshot,cross_fitted_intercept_only,1,1,882,882,0.016935584323211295,0.020671349880170053,0.01875673574757844,0.01286662183234455,0.005890113915233891
no_ADAS13,Snapshot,cross_fitted_intercept_only,1,2,882,882,0.02067718394096474,0.02457569771303625,0.022683746679702636,0.0389892780669997,-0.016305531387297064
no_ADAS13,Snapshot,cross_fitted_intercept_only,1,3,881,881,0.024602821403972186,0.029890067900388062,0.02693534613214935,0.03102927167601821,-0.004093925543868861
no_ADAS13,Snapshot,cross_fitted_intercept_only,1,4,882,882,0.029894712382828148,0.03640030424002316,0.03307156885320582,0.040321952728684995,-0.007250383875479174
no_ADAS13,Snapshot,cross_fitted_intercept_only,1,5,882,882,0.036401000792935845,0.046210677216323215,0.041090757520152635,0.04803104374094447,-0.006940286220791833
no_ADAS13,Snapshot,cross_fitted_intercept_only,1,6,881,881,0.04623525136675055,0.058128021972283395,0.05180163467831366,0.06178990634475401,-0.009988271666440347
no_ADAS13,Snapshot,cross_fitted_intercept_only,1,7,882,882,0.05813218563085576,0.07459754880942648,0.0661052329117498,0.06294042596187155,0.0031648069498782516
no_ADAS13,Snapshot,cross_fitted_intercept_only,1,8,882,882,0.07460454311573095,0.1128879103016861,0.09092185572807107,0.08891705569242003,0.0020048000356510387
no_ADAS13,Snapshot,cross_fitted_intercept_only,1,9,882,882,0.1129219227172038,0.8471162276382996,0.2063949327254967,0.1593146836656808,0.04708024905981589
no_ADAS13,Snapshot,cross_fitted_intercept_only,2,0,881,881,0.08321743184367403,0.15490980178562197,0.13514515126016483,0.0927536813682287,0.04239146989193612
no_ADAS13,Snapshot,cross_fitted_intercept_only,2,1,882,882,0.1549398327929281,0.17862397831681753,0.16720918254314737,0.09642317879113715,0.07078600375201022
no_ADAS13,Snapshot,cross_fitted_intercept_only,2,2,882,882,0.17862397831681753,0.20188310502862472,0.19012987629273276,0.14834587277506306,0.0417840035176697
no_ADAS13,Snapshot,cross_fitted_intercept_only,2,3,881,881,0.2018851257004638,0.22984410470075056,0.2151601940178915,0.18194276066345694,0.033217433354434556
no_ADAS13,Snapshot,cross_fitted_intercept_only,2,4,882,882,0.22986782483901502,0.2654818716309906,0.2467395896191614,0.2308298219198841,0.015909767699277294
no_ADAS13,Snapshot,cross_fitted_intercept_only,2,5,882,882,0.26549229815375774,0.30582326318263586,0.285065740604376,0.3080962161045294,-0.023030475500153413
no_ADAS13,Snapshot,cross_fitted_intercept_only,2,6,881,881,0.30590162825795686,0.35515205246158665,0.33120614191961956,0.2815175363313108,0.04968860558830873
no_ADAS13,Snapshot,cross_fitted_intercept_only,2,7,882,882,0.3552790251151282,0.40822311068836103,0.3803213189321577,0.29338335677852834,0.08693796215362937
no_ADAS13,Snapshot,cross_fitted_intercept_only,2,8,882,882,0.4082665952359875,0.5086209639424502,0.4537046175671109,0.41375664884930907,0.03994796871780182
no_ADAS13,Snapshot,cross_fitted_intercept_only,2,9,882,882,0.5086500412927433,0.9967731682696297,0.651939450247128,0.6206701183936795,0.03126933185344849
no_ADAS13,Snapshot,cross_fitted_intercept_only,3,0,881,881,0.10019082164310888,0.2451543208102256,0.21062785761698852,0.130046054598982,0.08058180301800652
no_ADAS13,Snapshot,cross_fitted_intercept_only,3,1,882,882,0.24516850518619726,0.28851990741319467,0.26734374605827743,0.17459706778603434,0.09274667827224309
no_ADAS13,Snapshot,cross_fitted_intercept_only,3,2,882,882,0.2887031648761277,0.32653639150493086,0.30800863978049364,0.21087047673508585,0.09713816304540779
no_ADAS13,Snapshot,cross_fitted_intercept_only,3,3,881,881,0.3265895316093703,0.3634081180765212,0.34469996626618504,0.29446199541216556,0.05023797085401949
no_ADAS13,Snapshot,cross_fitted_intercept_only,3,4,882,882,0.36341478149410156,0.40457692497257436,0.3837991683445246,0.31287243189592784,0.07092673644859676
no_ADAS13,Snapshot,cross_fitted_intercept_only,3,5,882,882,0.40457838680157787,0.4519920252389926,0.4286484733309068,0.3315103124934531,0.09713816083745369
no_ADAS13,Snapshot,cross_fitted_intercept_only,3,6,881,881,0.4520078338535526,0.509542274380802,0.47921691954838824,0.4504998067138123,0.028717112834575953
no_ADAS13,Snapshot,cross_fitted_intercept_only,3,7,882,882,0.5095597821999998,0.5857731633567229,0.5463674611658821,0.5340984597369538,0.012269001428928283
no_ADAS13,Snapshot,cross_fitted_intercept_only,3,8,882,882,0.5861125832686318,0.715994634193276,0.6464209742387743,0.657426252385831,-0.011005278147056652
no_ADAS13,Snapshot,cross_fitted_intercept_only,3,9,882,882,0.716222613250728,0.9999328827373426,0.8347589036577147,0.7974767133670333,0.03728219029068136
no_ADAS13,Snapshot,cross_fitted_intercept_only,5,0,881,881,0.15210067862732324,0.3679927982804261,0.3196117369675789,0.22439053949534782,0.09522119747223107
no_ADAS13,Snapshot,cross_fitted_intercept_only,5,1,882,882,0.3680768084296947,0.4255628336836421,0.3986123967114581,0.2209822484684274,0.1776301482430307
no_ADAS13,Snapshot,cross_fitted_intercept_only,5,2,882,882,0.42564663570744143,0.4718488863981729,0.44835720961284603,0.32408004663461676,0.12427716297822927
no_ADAS13,Snapshot,cross_fitted_intercept_only,5,3,881,881,0.4718967123249609,0.5171831958459447,0.4940405754922712,0.3955760020996204,0.0984645733926508
no_ADAS13,Snapshot,cross_fitted_intercept_only,5,4,882,882,0.5171831958459447,0.5640926497985334,0.5401990148736283,0.4876198043633596,0.052579210510268704
no_ADAS13,Snapshot,cross_fitted_intercept_only,5,5,882,882,0.5641347033605024,0.6176753535016093,0.5900493777898601,0.4866768583461232,0.10337251944373693
no_ADAS13,Snapshot,cross_fitted_intercept_only,5,6,881,881,0.6176753535016093,0.680534554962902,0.6481894761355412,0.5521827400809547,0.09600673605458654
no_ADAS13,Snapshot,cross_fitted_intercept_only,5,7,882,882,0.6806003629736164,0.7586950278068851,0.7185473398147318,0.7068712708706423,0.011676068944089568
no_ADAS13,Snapshot,cross_fitted_intercept_only,5,8,882,882,0.7591316970169133,0.867980442327664,0.811019324639731,0.8276887039554371,-0.016669379315706112
no_ADAS13,Snapshot,cross_fitted_intercept_only,5,9,882,882,0.8679814274468991,0.999999568943056,0.9361049448114365,0.9199971591395723,0.016107785671864217
no_ADAS13,Snapshot,cross_fitted_intercept_slope,1,0,881,881,0.014250790997821006,0.02634535845245556,0.023327971816188023,0.011230789029464727,0.012097182786723296
no_ADAS13,Snapshot,cross_fitted_intercept_slope,1,1,882,882,0.02635558458183407,0.030220498532755657,0.028246551276787893,0.016453385990947922,0.011793165285839971
no_ADAS13,Snapshot,cross_fitted_intercept_slope,1,2,882,882,0.030220498532755657,0.034224019617794754,0.03235991301815907,0.03855359181019069,-0.006193678792031622
no_ADAS13,Snapshot,cross_fitted_intercept_slope,1,3,881,881,0.0342284877522786,0.03931829461030378,0.036594928526784004,0.029498818674569605,0.0070961098522143995
no_ADAS13,Snapshot,cross_fitted_intercept_slope,1,4,882,882,0.03931958352904408,0.0453076836567845,0.042193384566970187,0.04438457726831291,-0.0021911927013427215
no_ADAS13,Snapshot,cross_fitted_intercept_slope,1,5,882,882,0.0453368608104483,0.05329170560335239,0.04921976242477282,0.04230713371635386,0.006912628708418959
no_ADAS13,Snapshot,cross_fitted_intercept_slope,1,6,881,881,0.05331771680374853,0.06282293846958564,0.05793240020913569,0.06545199790080425,-0.007519597691668559
no_ADAS13,Snapshot,cross_fitted_intercept_slope,1,7,882,882,0.06282555789612876,0.07507897402623331,0.06890523311761143,0.06432343370273974,0.00458179941487169
no_ADAS13,Snapshot,cross_fitted_intercept_slope,1,8,882,882,0.07508503260333665,0.10146291428950138,0.08635436687159541,0.08419854977471053,0.0021558170968848794
no_ADAS13,Snapshot,cross_fitted_intercept_slope,1,9,882,882,0.10154195291238088,0.6051219304201475,0.15744874867641503,0.1609746766757819,-0.003525927999366879
no_ADAS13,Snapshot,cross_fitted_intercept_slope,2,0,881,881,0.0862896281477854,0.1585430523693141,0.13842375661219045,0.09032702830680772,0.048096728305382724
no_ADAS13,Snapshot,cross_fitted_intercept_slope,2,1,882,882,0.1585923943643155,0.1823493266752929,0.17106290618299863,0.09513477589071251,0.07592813029228612
no_ADAS13,Snapshot,cross_fitted_intercept_slope,2,2,882,882,0.182360887847815,0.20595250641115093,0.19419792172501626,0.1483271276942607,0.04587079403075556
no_ADAS13,Snapshot,cross_fitted_intercept_slope,2,3,881,881,0.20596139556312087,0.2342577388387319,0.21945966145951615,0.1777505772453145,0.041709084214201636
no_ADAS13,Snapshot,cross_fitted_intercept_slope,2,4,882,882,0.23429881669454522,0.26925205316599665,0.2511084601296998,0.2454945668126034,0.005613893317096386
no_ADAS13,Snapshot,cross_fitted_intercept_slope,2,5,882,882,0.2692678162424106,0.3097195329245649,0.2891244553332219,0.2932763073679526,-0.00415185203473073
no_ADAS13,Snapshot,cross_fitted_intercept_slope,2,6,881,881,0.309778197013458,0.3587033083945683,0.3347226802702658,0.2896441587808234,0.045078521489442414
no_ADAS13,Snapshot,cross_fitted_intercept_slope,2,7,882,882,0.3587390472490125,0.4114768461286774,0.38327633666128613,0.29513712042627893,0.0881392162350072
no_ADAS13,Snapshot,cross_fitted_intercept_slope,2,8,882,882,0.4114768461286774,0.5085000116041862,0.45537941611593463,0.41238984347734864,0.04298957263858599
no_ADAS13,Snapshot,cross_fitted_intercept_slope,2,9,882,882,0.5088269070379654,0.9936159874820805,0.6458932634007429,0.6196116203858085,0.026281643014934408
no_ADAS13,Snapshot,cross_fitted_intercept_slope,3,0,881,881,0.09872800570700746,0.24022359833751517,0.20506969160316113,0.13073453537043922,0.07433515623272191
no_ADAS13,Snapshot,cross_fitted_intercept_slope,3,1,882,882,0.24022900329490982,0.2844963648601839,0.26251894039103324,0.1687184932883068,0.09380044710272645
no_ADAS13,Snapshot,cross_fitted_intercept_slope,3,2,882,882,0.2845792319013398,0.3238967427158699,0.30437249335173366,0.2199581400259718,0.08441435332576186
no_ADAS13,Snapshot,cross_fitted_intercept_slope,3,3,881,881,0.3238967427158699,0.3626576790958812,0.3426574837282538,0.29316283779509444,0.04949464593315933
no_ADAS13,Snapshot,cross_fitted_intercept_slope,3,4,882,882,0.3626576790958812,0.404708688932487,0.383217168345737,0.2964904241594064,0.08672674418633058
no_ADAS13,Snapshot,cross_fitted_intercept_slope,3,5,882,882,0.4047533549942298,0.4540256484933475,0.42971776591755323,0.3288534287388737,0.10086433717867954
no_ADAS13,Snapshot,cross_fitted_intercept_slope,3,6,881,881,0.4540256484933475,0.5141180678156547,0.48285436495916445,0.4654690493917305,0.017385315567433945
no_ADAS13,Snapshot,cross_fitted_intercept_slope,3,7,882,882,0.5141693814435356,0.5957466207621701,0.5534612808502791,0.528776514012081,0.02468476683819809
no_ADAS13,Snapshot,cross_fitted_intercept_slope,3,8,882,882,0.5958289416988491,0.7309468211561763,0.6578047569875908,0.6609906237538588,-0.003185866766267975
no_ADAS13,Snapshot,cross_fitted_intercept_slope,3,9,882,882,0.7312788851184864,0.9999206454626234,0.8473159178840916,0.7971255884652773,0.050190329418814295
no_ADAS13,Snapshot,cross_fitted_intercept_slope,5,0,881,881,0.13948854353823203,0.35100379446530217,0.30091181317539123,0.2213141876759659,0.07959762549942534
no_ADAS13,Snapshot,cross_fitted_intercept_slope,5,1,882,882,0.3510210202420886,0.4133611906805158,0.3837907275929336,0.2213853058419587,0.1624054217509749
no_ADAS13,Snapshot,cross_fitted_intercept_slope,5,2,882,882,0.4134195044481893,0.4625822829856475,0.4372163580152087,0.32796337590637004,0.10925298210883866
no_ADAS13,Snapshot,cross_fitted_intercept_slope,5,3,881,881,0.46276744817497206,0.5118546100641932,0.4871009448660094,0.3982984937162384,0.08880245114977103
no_ADAS13,Snapshot,cross_fitted_intercept_slope,5,4,882,882,0.511874221620437,0.5636667349861987,0.5373079933197767,0.465563106301215,0.07174488701856174
no_ADAS13,Snapshot,cross_fitted_intercept_slope,5,5,882,882,0.5636818725309906,0.6209748774729094,0.5910051023083923,0.49524851421336624,0.09575658809502607
no_ADAS13,Snapshot,cross_fitted_intercept_slope,5,6,881,881,0.6210043751365047,0.690651157943637,0.6549742899532961,0.5665539507771863,0.08842033917610981
no_ADAS13,Snapshot,cross_fitted_intercept_slope,5,7,882,882,0.6906618339482649,0.7760819614655526,0.732298944883829,0.7086154749069975,0.02368346997683146
no_ADAS13,Snapshot,cross_fitted_intercept_slope,5,8,882,882,0.7762302788273201,0.8885969610963148,0.8302105144472802,0.8203151812970875,0.009895333150192753
no_ADAS13,Snapshot,cross_fitted_intercept_slope,5,9,882,882,0.8890025653308034,0.999999864399702,0.9493341746565304,0.9216362170060889,0.027697957650441474
no_ADAS13,LongitudinalTransformer,raw_zero_shot,1,0,1748,990,0.005026298388838724,0.00696667055599387,0.005963823102295298,0.004465324592807018,0.0014984985094882797
no_ADAS13,LongitudinalTransformer,raw_zero_shot,1,1,1749,1234,0.006968160066753604,0.010330543015152238,0.008724883602220129,0.01906101391707271,-0.010336130314852582
no_ADAS13,LongitudinalTransformer,raw_zero_shot,1,2,1748,1281,0.010333827789872907,0.013715543458238222,0.011926757152429203,0.020509663678994206,-0.008582906526565003
no_ADAS13,LongitudinalTransformer,raw_zero_shot,1,3,1749,1324,0.013727053161710523,0.01896307896822691,0.01616602208775702,0.018344510739412234,-0.002178488651655215
no_ADAS13,LongitudinalTransformer,raw_zero_shot,1,4,1748,1337,0.01896447660401468,0.02668484747409816,0.022641606184366034,0.029260558897182154,-0.0066189527128161195
no_ADAS13,LongitudinalTransformer,raw_zero_shot,1,5,1749,1350,0.026689641363918826,0.04026016630232332,0.0326091285523606,0.06081794135467267,-0.028208812802312064
no_ADAS13,LongitudinalTransformer,raw_zero_shot,1,6,1749,1359,0.04026438836008306,0.06954964995384216,0.05230004367765251,0.07638418041330808,-0.02408413673565557
no_ADAS13,LongitudinalTransformer,raw_zero_shot,1,7,1748,1323,0.06955320313572888,0.12815911322832108,0.09690301590931852,0.09033769374711209,0.006565322162206427
no_ADAS13,LongitudinalTransformer,raw_zero_shot,1,8,1749,1327,0.12821340113878255,0.21978223025798793,0.170324969955222,0.12037236740572144,0.04995260254950057
no_ADAS13,LongitudinalTransformer,raw_zero_shot,1,9,1749,1227,0.21983498632907872,0.44610611796379085,0.29696823567501657,0.14593269966584999,0.15103553600916658
no_ADAS13,LongitudinalTransformer,raw_zero_shot,2,0,1748,996,0.016944856100370997,0.02597172454346197,0.021176216115315397,0.03673861500098141,-0.015562398885666014
no_ADAS13,LongitudinalTransformer,raw_zero_shot,2,1,1749,1255,0.025981082868742345,0.037877695823184454,0.03199161420820401,0.048553692275578264,-0.016562078067374253
no_ADAS13,LongitudinalTransformer,raw_zero_shot,2,2,1748,1306,0.03788477136995361,0.05185818715900492,0.04444110432795135,0.10007475973176738,-0.05563365540381603
no_ADAS13,LongitudinalTransformer,raw_zero_shot,2,3,1749,1320,0.051859953759946564,0.0713920622123344,0.060738197930861264,0.10482182899394832,-0.044083631063087055
no_ADAS13,LongitudinalTransformer,raw_zero_shot,2,4,1748,1337,0.07142238010674218,0.09907469779927058,0.0839007115284802,0.13984588435639456,-0.05594517282791435
no_ADAS13,LongitudinalTransformer,raw_zero_shot,2,5,1749,1350,0.09907806180112932,0.14528473803109,0.11944002485319491,0.19991545965240243,-0.08047543479920752
no_ADAS13,LongitudinalTransformer,raw_zero_shot,2,6,1749,1353,0.14530962825185745,0.2301234338116548,0.18188119816996806,0.2948736863929009,-0.11299248822293284
no_ADAS13,LongitudinalTransformer,raw_zero_shot,2,7,1748,1333,0.2301974836858145,0.3648697129338163,0.29614527044030325,0.35165752267569195,-0.05551225223538869
no_ADAS13,LongitudinalTransformer,raw_zero_shot,2,8,1749,1298,0.36510899785433903,0.5392924653931478,0.45029539580914446,0.44419551214199837,0.006099883667146089
no_ADAS13,LongitudinalTransformer,raw_zero_shot,2,9,1749,1188,0.5393371597231218,0.7911115542698108,0.6466355261221051,0.48927747550645084,0.15735805061565422
no_ADAS13,LongitudinalTransformer,raw_zero_shot,3,0,1748,992,0.03256280536147271,0.051852916246044045,0.041817090313882206,0.05700819550728753,-0.015191105193405323
no_ADAS13,LongitudinalTransformer,raw_zero_shot,3,1,1749,1230,0.05185369933631989,0.07583565108637147,0.06349334585165965,0.09909029344530484,-0.03559694759364519
no_ADAS13,LongitudinalTransformer,raw_zero_shot,3,2,1748,1307,0.0758357286795529,0.10395373627765914,0.08906704363494483,0.1823997956605865,-0.09333275202564167
no_ADAS13,LongitudinalTransformer,raw_zero_shot,3,3,1749,1331,0.10396390407233325,0.14082745589365442,0.12106506759557387,0.1923662395751352,-0.07130117197956135
no_ADAS13,LongitudinalTransformer,raw_zero_shot,3,4,1748,1336,0.14083014086290913,0.1906726216758562,0.16380208386628295,0.25321325925979943,-0.08941117539351648
no_ADAS13,LongitudinalTransformer,raw_zero_shot,3,5,1749,1346,0.1906831463975004,0.2665420648394069,0.22504013448838436,0.3084850419718692,-0.08344490748348485
no_ADAS13,LongitudinalTransformer,raw_zero_shot,3,6,1749,1351,0.2666029819152078,0.385092445226462,0.31990345513085966,0.44265421489747747,-0.12275075976661781
no_ADAS13,LongitudinalTransformer,raw_zero_shot,3,7,1748,1332,0.3852163883337566,0.547390794495844,0.46679325942876837,0.5080445589682725,-0.04125129953950413
no_ADAS13,LongitudinalTransformer,raw_zero_shot,3,8,1749,1302,0.5474864451386496,0.7148134141740543,0.6325745371427216,0.6082362140667957,0.024338323075925872
no_ADAS13,LongitudinalTransformer,raw_zero_shot,3,9,1749,1193,0.714900162392919,0.8987102969411461,0.7998116597567139,0.6712192883786048,0.12859237137810908
no_ADAS13,LongitudinalTransformer,raw_zero_shot,5,0,1748,998,0.06209238391569083,0.1033683324746757,0.08321665330345464,0.09997072747641189,-0.016754074172957253
no_ADAS13,LongitudinalTransformer,raw_zero_shot,5,1,1749,1239,0.1033866977021527,0.1485129373317987,0.12511351256910702,0.21020458549050636,-0.08509107292139934
no_ADAS13,LongitudinalTransformer,raw_zero_shot,5,2,1748,1323,0.1485236390800787,0.2025255829123629,0.1746212130366253,0.3219648224233763,-0.147343609386751
no_ADAS13,LongitudinalTransformer,raw_zero_shot,5,3,1749,1330,0.20255708338791456,0.2691825981066752,0.23391304384818262,0.3289923340262664,-0.09507929017808375
no_ADAS13,LongitudinalTransformer,raw_zero_shot,5,4,1748,1332,0.26920881902703186,0.3508868589110232,0.30787250359827606,0.4338501144053517,-0.12597761080707565
no_ADAS13,LongitudinalTransformer,raw_zero_shot,5,5,1749,1360,0.3508908995445956,0.4668818535964143,0.40611928718627,0.4881084521321166,-0.08198916494584663
no_ADAS13,LongitudinalTransformer,raw_zero_shot,5,6,1749,1344,0.4670317684672306,0.6150800695646028,0.536090039782275,0.6148576000312879,-0.07876756024901288
no_ADAS13,LongitudinalTransformer,raw_zero_shot,5,7,1748,1339,0.6151970288597207,0.7720375535338531,0.6971330695653878,0.7061766524402555,-0.009043582874867728
no_ADAS13,LongitudinalTransformer,raw_zero_shot,5,8,1749,1318,0.7720877739522642,0.8904088026000594,0.8355112231621725,0.7535578038096863,0.08195341935248623
no_ADAS13,LongitudinalTransformer,raw_zero_shot,5,9,1749,1190,0.8904489390538599,0.9755231206019807,0.9337206948610359,0.8144332868435071,0.1192874080175288
no_ADAS13,LongitudinalTransformer,cross_fitted_intercept_only,1,0,1748,997,0.0040395430632345075,0.005683763355473936,0.004869901827764336,0.004112405019542131,0.0007574968082222043
no_ADAS13,LongitudinalTransformer,cross_fitted_intercept_only,1,1,1749,1240,0.005688857781557921,0.008470613872437527,0.0071249575018463044,0.01964592465766768,-0.012520967155821374
no_ADAS13,LongitudinalTransformer,cross_fitted_intercept_only,1,2,1748,1282,0.008473374000129597,0.011214408025544742,0.00974472256634051,0.019494850475660574,-0.009750127909320064
no_ADAS13,LongitudinalTransformer,cross_fitted_intercept_only,1,3,1749,1320,0.011216429982058962,0.015551094499868912,0.013219326615272359,0.02003428042182731,-0.006814953806554952
no_ADAS13,LongitudinalTransformer,cross_fitted_intercept_only,1,4,1748,1336,0.01555425011121192,0.021985502688276037,0.018533128519690977,0.02977499500394698,-0.011241866484256003
no_ADAS13,LongitudinalTransformer,cross_fitted_intercept_only,1,5,1749,1347,0.021990833734938264,0.03312534792547628,0.026755012401041684,0.05675932102533565,-0.030004308624293968
no_ADAS13,LongitudinalTransformer,cross_fitted_intercept_only,1,6,1749,1357,0.03312540442458389,0.057355854652394234,0.043106244548656664,0.07943128634878982,-0.03632504180013316
no_ADAS13,LongitudinalTransformer,cross_fitted_intercept_only,1,7,1748,1324,0.05736966467342508,0.10705352787405953,0.08048812249758129,0.09036699931729286,-0.009878876819711571
no_ADAS13,LongitudinalTransformer,cross_fitted_intercept_only,1,8,1749,1319,0.10712887454797226,0.18714408615316835,0.14378105819365541,0.11990727043516825,0.02387378775848717
no_ADAS13,LongitudinalTransformer,cross_fitted_intercept_only,1,9,1749,1227,0.18723552329418547,0.3923955181235004,0.2571073250311955,0.14579077692496,0.11131654810623548
no_ADAS13,LongitudinalTransformer,cross_fitted_intercept_only,2,0,1748,998,0.02361244634732318,0.03729083407426048,0.030341561900221813,0.036574032913866183,-0.00623247101364437
no_ADAS13,LongitudinalTransformer,cross_fitted_intercept_only,2,1,1749,1250,0.03729141795889157,0.05430429736224185,0.04582253437727442,0.0483983168589861,-0.002575782481711683
no_ADAS13,LongitudinalTransformer,cross_fitted_intercept_only,2,2,1748,1306,0.05432975910557869,0.07423303383317803,0.06365667125089713,0.09827050122621339,-0.03461382997531626
no_ADAS13,LongitudinalTransformer,cross_fitted_intercept_only,2,3,1749,1322,0.07424618626081714,0.10113585939198566,0.08660988660175134,0.105222334528555,-0.018612447926803666
no_ADAS13,LongitudinalTransformer,cross_fitted_intercept_only,2,4,1748,1334,0.10113702555378679,0.13884590253257179,0.11821059182770224,0.14187894820696534,-0.023668356379263095
no_ADAS13,LongitudinalTransformer,cross_fitted_intercept_only,2,5,1749,1352,0.13888414435551477,0.19873919485351976,0.16566664619779312,0.19724852312115548,-0.03158187692336237
no_ADAS13,LongitudinalTransformer,cross_fitted_intercept_only,2,6,1749,1351,0.19878862456463375,0.30210583713766515,0.24465413701030805,0.303701536983081,-0.059047399972772946
no_ADAS13,LongitudinalTransformer,cross_fitted_intercept_only,2,7,1748,1325,0.3021326622122118,0.4524987463257947,0.37705490806634223,0.3480325244036139,0.029022383662728357
no_ADAS13,LongitudinalTransformer,cross_fitted_intercept_only,2,8,1749,1295,0.4525120475141734,0.6255283993958329,0.5388419395180188,0.446616465580729,0.09222547393728986
no_ADAS13,LongitudinalTransformer,cross_fitted_intercept_only,2,9,1749,1186,0.6255779920846392,0.8414214706830152,0.7221411508778809,0.484399662687373,0.2377414881905079
no_ADAS13,LongitudinalTransformer,cross_fitted_intercept_only,3,0,1748,990,0.04471542693395236,0.07245646444319953,0.058359938298152725,0.05755618680014363,0.0008037514980090976
no_ADAS13,LongitudinalTransformer,cross_fitted_intercept_only,3,1,1749,1244,0.07248290592363282,0.10530135554605125,0.0883528213605305,0.10092258507282259,-0.012569763712292084
no_ADAS13,LongitudinalTransformer,cross_fitted_intercept_only,3,2,1748,1306,0.10530847098882279,0.1431439936434884,0.12335873393331093,0.18227601461598486,-0.058917280682673934
no_ADAS13,LongitudinalTransformer,cross_fitted_intercept_only,3,3,1749,1328,0.14317777005358834,0.1921794505322364,0.16635961349094874,0.19545631335418623,-0.029096699863237485
no_ADAS13,LongitudinalTransformer,cross_fitted_intercept_only,3,4,1748,1327,0.19225644057045832,0.255734248877884,0.22170892674417644,0.2422815028151879,-0.020572576071011456
no_ADAS13,LongitudinalTransformer,cross_fitted_intercept_only,3,5,1749,1343,0.25577983710609176,0.3491088445090583,0.2984721805097414,0.3162848349078001,-0.017812654398058736
no_ADAS13,LongitudinalTransformer,cross_fitted_intercept_only,3,6,1749,1352,0.3491129509116223,0.48355127858751357,0.4101307318384475,0.4411006797820606,-0.030969947943613074
no_ADAS13,LongitudinalTransformer,cross_fitted_intercept_only,3,7,1748,1335,0.4836313197805552,0.6493776581660116,0.5682540211599281,0.512154783962812,0.05609923719711607
no_ADAS13,LongitudinalTransformer,cross_fitted_intercept_only,3,8,1749,1299,0.6494812580201634,0.7984903844505991,0.7267512256070421,0.6094338787507375,0.11731734685630457
no_ADAS13,LongitudinalTransformer,cross_fitted_intercept_only,3,9,1749,1195,0.7986351501152691,0.9375426070436074,0.8645516048733696,0.6657704912458371,0.19878111362753248
no_ADAS13,LongitudinalTransformer,cross_fitted_intercept_only,5,0,1748,997,0.08898412498914454,0.1480151290654118,0.11971943286538027,0.09843681922566849,0.021282613639711775
no_ADAS13,LongitudinalTransformer,cross_fitted_intercept_only,5,1,1749,1240,0.14810031666535517,0.20956072320178276,0.17778992728868262,0.2115292615289448,-0.03373933424026218
no_ADAS13,LongitudinalTransformer,cross_fitted_intercept_only,5,2,1748,1323,0.20956538986349926,0.2812224281376251,0.24441183519318196,0.3242919663160324,-0.07988013112285045
no_ADAS13,LongitudinalTransformer,cross_fitted_intercept_only,5,3,1749,1329,0.28125742439290613,0.3645350243942661,0.3206859380759712,0.32561868674077843,-0.004932748664807252
no_ADAS13,LongitudinalTransformer,cross_fitted_intercept_only,5,4,1748,1330,0.3647257237649538,0.46148987958748167,0.41097959908088927,0.4331420775955013,-0.022162478514612005
no_ADAS13,LongitudinalTransformer,cross_fitted_intercept_only,5,5,1749,1362,0.4615834530474471,0.5882094814251133,0.5232139740800851,0.4933215431655109,0.029892430914574164
no_ADAS13,LongitudinalTransformer,cross_fitted_intercept_only,5,6,1749,1344,0.5883055829890341,0.7312366974003546,0.6571518826110896,0.6128695539259306,0.04428232868515902
no_ADAS13,LongitudinalTransformer,cross_fitted_intercept_only,5,7,1748,1338,0.7312609432922543,0.8610564631813772,0.8010936927621768,0.7033991060161988,0.09769458674597797
no_ADAS13,LongitudinalTransformer,cross_fitted_intercept_only,5,8,1749,1318,0.861230323967998,0.9423602927138355,0.9056630067537386,0.757905279240458,0.14775772751328053
no_ADAS13,LongitudinalTransformer,cross_fitted_intercept_only,5,9,1749,1191,0.9423671101114899,0.9896042057658497,0.9670285136072974,0.8113460475263516,0.15568246608094571
no_ADAS13,LongitudinalTransformer,cross_fitted_intercept_slope,1,0,1748,988,0.013704284155792501,0.017991171893108282,0.01626657366004436,0.0065566779974343126,0.009709895662610046
no_ADAS13,LongitudinalTransformer,cross_fitted_intercept_slope,1,1,1749,1233,0.017993307532927605,0.022576746030207095,0.020388630115850685,0.018954139156991734,0.0014344909588589506
no_ADAS13,LongitudinalTransformer,cross_fitted_intercept_slope,1,2,1748,1293,0.022581243766978676,0.026763648772626825,0.024566803695970696,0.01623215120846322,0.008334652487507477
no_ADAS13,LongitudinalTransformer,cross_fitted_intercept_slope,1,3,1749,1315,0.02676415717789693,0.03230364584900047,0.029462624712856447,0.022251377447581877,0.00721124726527457
no_ADAS13,LongitudinalTransformer,cross_fitted_intercept_slope,1,4,1748,1345,0.03230587559970122,0.03966114449920177,0.03593055656172345,0.032547291666055744,0.0033832648956677036
no_ADAS13,LongitudinalTransformer,cross_fitted_intercept_slope,1,5,1749,1342,0.03966323596939858,0.05057416760615663,0.044613359930770986,0.057724875877502635,-0.013111515946731649
no_ADAS13,LongitudinalTransformer,cross_fitted_intercept_slope,1,6,1749,1355,0.05057454396596428,0.06988583782055013,0.05892827100071128,0.07557078950401552,-0.01664251850330424
no_ADAS13,LongitudinalTransformer,cross_fitted_intercept_slope,1,7,1748,1322,0.06989101469703318,0.10142181948000495,0.08512453636832122,0.09403434458986337,-0.008909808221542151
no_ADAS13,LongitudinalTransformer,cross_fitted_intercept_slope,1,8,1749,1312,0.101455993394449,0.14273748178123913,0.12089164251349338,0.11276122359367036,0.008130418919823024
no_ADAS13,LongitudinalTransformer,cross_fitted_intercept_slope,1,9,1749,1223,0.14279073713048596,0.24376520988031536,0.17550990450583195,0.14887634717133302,0.02663355733449893
no_ADAS13,LongitudinalTransformer,cross_fitted_intercept_slope,2,0,1748,991,0.05598316299235817,0.07569390734754577,0.06580734934838173,0.03678082157618945,0.02902652777219228
no_ADAS13,LongitudinalTransformer,cross_fitted_intercept_slope,2,1,1749,1256,0.07569606265480544,0.09731261660261037,0.08671163935870929,0.0486461701859453,0.03806546917276399
no_ADAS13,LongitudinalTransformer,cross_fitted_intercept_slope,2,2,1748,1305,0.09733190848631279,0.11974687139935813,0.1079841764308523,0.1009011009539299,0.007083075476922399
no_ADAS13,LongitudinalTransformer,cross_fitted_intercept_slope,2,3,1749,1321,0.11976003083977205,0.14739726768508177,0.13260733196777402,0.10382641550629623,0.02878091646147779
no_ADAS13,LongitudinalTransformer,cross_fitted_intercept_slope,2,4,1748,1333,0.14741281821419705,0.182037671768297,0.16334438878520643,0.13884769946504172,0.024496689320164716
no_ADAS13,LongitudinalTransformer,cross_fitted_intercept_slope,2,5,1749,1349,0.1820502899337728,0.2318924404267283,0.2048424457348707,0.19783978787256462,0.007002657862306083
no_ADAS13,LongitudinalTransformer,cross_fitted_intercept_slope,2,6,1749,1350,0.231918754538756,0.30897087515226196,0.26671673394110995,0.3033178733896156,-0.036601139448505626
no_ADAS13,LongitudinalTransformer,cross_fitted_intercept_slope,2,7,1748,1329,0.3091120862433685,0.41187587737449116,0.3608258157953637,0.3508612634701056,0.009964552325258114
no_ADAS13,LongitudinalTransformer,cross_fitted_intercept_slope,2,8,1749,1292,0.4118947680943009,0.5312305921025238,0.47092334244090295,0.44886161075169473,0.02206173168920822
no_ADAS13,LongitudinalTransformer,cross_fitted_intercept_slope,2,9,1749,1180,0.5313363556922737,0.7037563952829214,0.6044922389571687,0.4809264271049749,0.12356581185219384
no_ADAS13,LongitudinalTransformer,cross_fitted_intercept_slope,3,0,1748,990,0.09255861084543882,0.12838140661800268,0.11078220632252185,0.057721999302324356,0.053060207020197495
no_ADAS13,LongitudinalTransformer,cross_fitted_intercept_slope,3,1,1749,1241,0.1284373650583669,0.16612901162170812,0.14708675661577725,0.09949816208338946,0.047588594532387785
no_ADAS13,LongitudinalTransformer,cross_fitted_intercept_slope,3,2,1748,1303,0.16613185764536476,0.20459255136339993,0.1847076947945908,0.18316623282261335,0.001541461971977437
no_ADAS13,LongitudinalTransformer,cross_fitted_intercept_slope,3,3,1749,1331,0.20460738366199882,0.25003640497836377,0.22649133130391605,0.1941249193546234,0.032366411949292656
no_ADAS13,LongitudinalTransformer,cross_fitted_intercept_slope,3,4,1748,1333,0.2501070652838535,0.30462873911044475,0.2758445894596701,0.24546306307740018,0.03038152638226993
no_ADAS13,LongitudinalTransformer,cross_fitted_intercept_slope,3,5,1749,1346,0.30463629556023397,0.3784789063321733,0.3388744869439653,0.3129476341901515,0.025926852753813845
no_ADAS13,LongitudinalTransformer,cross_fitted_intercept_slope,3,6,1749,1351,0.3786208967393917,0.4775203222551373,0.42385122178443935,0.4420732557824234,-0.018222033997984055
no_ADAS13,LongitudinalTransformer,cross_fitted_intercept_slope,3,7,1748,1336,0.47755939800354186,0.5973207252679463,0.5384181773158814,0.5117714867730276,0.026646690542853735
no_ADAS13,LongitudinalTransformer,cross_fitted_intercept_slope,3,8,1749,1300,0.5976119216799904,0.7134292936793014,0.6558721092610191,0.6134735020890211,0.04239860717199806
no_ADAS13,LongitudinalTransformer,cross_fitted_intercept_slope,3,9,1749,1189,0.713472275250321,0.8527076067224376,0.7731261274041898,0.6635814063754055,0.10954472102878432
no_ADAS13,LongitudinalTransformer,cross_fitted_intercept_slope,5,0,1748,1005,0.17286776583855912,0.24237700363250336,0.21162485136536638,0.10265833959085569,0.1089665117745107
no_ADAS13,LongitudinalTransformer,cross_fitted_intercept_slope,5,1,1749,1240,0.24239773340141402,0.3020183249435445,0.27200230683333015,0.2109137695603852,0.06108853727294494
no_ADAS13,LongitudinalTransformer,cross_fitted_intercept_slope,5,2,1748,1314,0.3020541870330582,0.3631213104896198,0.33223473123988634,0.3164313345711419,0.01580339666874442
no_ADAS13,LongitudinalTransformer,cross_fitted_intercept_slope,5,3,1749,1335,0.3631900957935761,0.42875281801468634,0.3949140596274351,0.330620897270517,0.06429316235691807
no_ADAS13,LongitudinalTransformer,cross_fitted_intercept_slope,5,4,1748,1326,0.4287997509521859,0.5001299157772419,0.4633103852504826,0.432727127267874,0.030583257982608636
no_ADAS13,LongitudinalTransformer,cross_fitted_intercept_slope,5,5,1749,1360,0.5002589053183614,0.5889893985990664,0.5437011115828315,0.48855778668742866,0.05514332489540286
no_ADAS13,LongitudinalTransformer,cross_fitted_intercept_slope,5,6,1749,1353,0.5892676042478302,0.6919509531204278,0.6388933460089514,0.614675693296315,0.02421765271263643
no_ADAS13,LongitudinalTransformer,cross_fitted_intercept_slope,5,7,1748,1335,0.6919535738896816,0.7958601323893515,0.7464228442563305,0.7035390070900358,0.042883837166294736
no_ADAS13,LongitudinalTransformer,cross_fitted_intercept_slope,5,8,1749,1308,0.7958656826080986,0.8768765298677732,0.8379550859938377,0.7620130240545692,0.07594206193926856
no_ADAS13,LongitudinalTransformer,cross_fitted_intercept_slope,5,9,1749,1196,0.8769548059384937,0.951249394679157,0.9117315555543128,0.8085185036901532,0.10321305186415963
