model,scenario,history_stratum,prediction_type,horizon_years,n_landmarks,n_patients,n_cases,n_controls,auroc,auprc,brier,weighted_prevalence,weighted_mean_prediction,absolute_calibration_gap,max_ipcw_factor,metric_status
history_adaptive_logistic_v61_transformer_cdrsb_qc,natural,all,raw,1,4223,1425,245,3489,0.8148352268163028,0.3315992221523963,0.08685799004192053,0.11400855158238073,0.10738929799446154,0.006619253587919191,1.311983287053817,cumulative_dynamic_ipcw_patient_balanced_evaluation
history_adaptive_logistic_v61_transformer_cdrsb_qc,natural,all,raw,2,4223,1425,581,2600,0.8438316941918322,0.6410979810495351,0.13658550734632113,0.26030311151503593,0.2545015404652194,0.005801571049816545,1.7773003519069435,cumulative_dynamic_ipcw_patient_balanced_evaluation
history_adaptive_logistic_v61_transformer_cdrsb_qc,natural,all,raw,3,4223,1425,805,1965,0.8613565091394046,0.7608960897920147,0.14626386005600436,0.36107787000261604,0.35584613804791854,0.005231731954697505,2.2949911287795692,cumulative_dynamic_ipcw_patient_balanced_evaluation
history_adaptive_logistic_v61_transformer_cdrsb_qc,natural,all,raw,5,4223,1425,1045,1113,0.8868674526884734,0.8765353076212367,0.13775375647415236,0.4779552589286564,0.4833323201375369,0.005377061208880485,3.9032384256437678,cumulative_dynamic_ipcw_patient_balanced_evaluation
history_adaptive_logistic_v61_transformer_cdrsb_qc,natural,all,cross_fitted_calibrated,1,4223,1425,245,3489,0.806313355316698,0.30666834748864286,0.0879338707361882,0.11400855158238073,0.12091547432879708,0.006906922746416355,1.311983287053817,cumulative_dynamic_ipcw_patient_balanced_evaluation
history_adaptive_logistic_v61_transformer_cdrsb_qc,natural,all,cross_fitted_calibrated,2,4223,1425,581,2600,0.8389485899329614,0.6323210680070881,0.13771295927446672,0.26030311151503593,0.28033106450883744,0.0200279529938015,1.7773003519069435,cumulative_dynamic_ipcw_patient_balanced_evaluation
history_adaptive_logistic_v61_transformer_cdrsb_qc,natural,all,cross_fitted_calibrated,3,4223,1425,805,1965,0.8570256383432844,0.7488977636881945,0.1476105223130018,0.36107787000261604,0.38592681070927304,0.024848940706656997,2.2949911287795692,cumulative_dynamic_ipcw_patient_balanced_evaluation
history_adaptive_logistic_v61_transformer_cdrsb_qc,natural,all,cross_fitted_calibrated,5,4223,1425,1045,1113,0.8833067408281954,0.8695381162687826,0.1394630921279238,0.4779552589286564,0.5160730112507198,0.03811775232206338,3.9032384256437678,cumulative_dynamic_ipcw_patient_balanced_evaluation
history_adaptive_logistic_v61_transformer_cdrsb_qc,natural,history1_logistic,raw,1,759,759,27,534,0.7955425640105485,0.2674090128837247,0.0795300755892782,0.09343145660732098,0.05646672315398856,0.03696473345333242,1.7245071311487796,cumulative_dynamic_ipcw_patient_balanced_evaluation
history_adaptive_logistic_v61_transformer_cdrsb_qc,natural,history1_logistic,raw,2,759,759,60,406,0.759427485319854,0.41863148986419096,0.1406000824586959,0.1936155497800814,0.1385274347916441,0.0550881149884373,2.558193274225398,cumulative_dynamic_ipcw_patient_balanced_evaluation
history_adaptive_logistic_v61_transformer_cdrsb_qc,natural,history1_logistic,raw,3,759,759,99,309,0.7771292290156488,0.5870596256241597,0.1832666991566173,0.3172113902941248,0.2498942257828207,0.06731716451130412,3.27154817484659,cumulative_dynamic_ipcw_patient_balanced_evaluation
history_adaptive_logistic_v61_transformer_cdrsb_qc,natural,history1_logistic,raw,5,759,759,140,159,0.8081814871737223,0.739426140477466,0.187799060261353,0.45063038457931043,0.41514836859639714,0.035482015982913284,6.053432659782716,cumulative_dynamic_ipcw_patient_balanced_evaluation
history_adaptive_logistic_v61_transformer_cdrsb_qc,natural,history1_logistic,cross_fitted_calibrated,1,759,759,27,534,0.7572608892460003,0.21152751266123332,0.08237312406878772,0.09343145660732098,0.09853918388795693,0.005107727280635951,1.7245071311487796,cumulative_dynamic_ipcw_patient_balanced_evaluation
history_adaptive_logistic_v61_transformer_cdrsb_qc,natural,history1_logistic,cross_fitted_calibrated,2,759,759,60,406,0.7226231202503105,0.3601218666429581,0.14568864642886212,0.1936155497800814,0.22025477437714044,0.026639224597059058,2.558193274225398,cumulative_dynamic_ipcw_patient_balanced_evaluation
history_adaptive_logistic_v61_transformer_cdrsb_qc,natural,history1_logistic,cross_fitted_calibrated,3,759,759,99,309,0.7510360478424292,0.5516325141574971,0.1856743357736639,0.3172113902941248,0.3514896396808653,0.034278249386740456,3.27154817484659,cumulative_dynamic_ipcw_patient_balanced_evaluation
history_adaptive_logistic_v61_transformer_cdrsb_qc,natural,history1_logistic,cross_fitted_calibrated,5,759,759,140,159,0.7955731734620054,0.729650061399872,0.19214690618489003,0.45063038457931043,0.5223399948403054,0.07170961026099493,6.053432659782716,cumulative_dynamic_ipcw_patient_balanced_evaluation
history_adaptive_logistic_v61_transformer_cdrsb_qc,natural,history_ge_2_v61,raw,1,3464,1098,218,2955,0.8231817485751538,0.35110150116417715,0.08965534706772575,0.12112357116396451,0.12448062585233084,0.0033570546883663344,1.1722614290002968,cumulative_dynamic_ipcw_patient_balanced_evaluation
history_adaptive_logistic_v61_transformer_cdrsb_qc,natural,history_ge_2_v61,raw,2,3464,1098,521,2194,0.8599687160035993,0.677539800626843,0.13446594714043114,0.28016155680433585,0.2900403725089263,0.009878815704590427,1.5432763047370626,cumulative_dynamic_ipcw_patient_balanced_evaluation
history_adaptive_logistic_v61_transformer_cdrsb_qc,natural,history_ge_2_v61,raw,3,3464,1098,706,1656,0.8815852884217668,0.7926474141497071,0.13484892620662325,0.37451819071602105,0.3882910382796971,0.013772847563676027,1.9977830618097057,cumulative_dynamic_ipcw_patient_balanced_evaluation
history_adaptive_logistic_v61_transformer_cdrsb_qc,natural,history_ge_2_v61,raw,5,3464,1098,905,954,0.9088302314077638,0.9034743448296498,0.12244491012153762,0.4861546009174126,0.5050758045932829,0.018921203675870357,3.312024071416148,cumulative_dynamic_ipcw_patient_balanced_evaluation
history_adaptive_logistic_v61_transformer_cdrsb_qc,natural,history_ge_2_v61,cross_fitted_calibrated,1,3464,1098,218,2955,0.8178469941500208,0.34651087071969516,0.09003273761868007,0.12112357116396451,0.12841827036677464,0.0072946992028101315,1.1722614290002968,cumulative_dynamic_ipcw_patient_balanced_evaluation
history_adaptive_logistic_v61_transformer_cdrsb_qc,natural,history_ge_2_v61,cross_fitted_calibrated,2,3464,1098,521,2194,0.8585263231075838,0.6770492032909794,0.1346812379713009,0.28016155680433585,0.29887944739589684,0.01871789059156098,1.5432763047370626,cumulative_dynamic_ipcw_patient_balanced_evaluation
history_adaptive_logistic_v61_transformer_cdrsb_qc,natural,history_ge_2_v61,cross_fitted_calibrated,3,3464,1098,706,1656,0.8793855678210734,0.7869595648466803,0.13586541129093746,0.37451819071602105,0.3966446434437946,0.022126452727773527,1.9977830618097057,cumulative_dynamic_ipcw_patient_balanced_evaluation
history_adaptive_logistic_v61_transformer_cdrsb_qc,natural,history_ge_2_v61,cross_fitted_calibrated,5,3464,1098,905,954,0.9055354174982421,0.8981128967672526,0.12430305255159696,0.4861546009174126,0.5164677629371018,0.030313162019689255,3.312024071416148,cumulative_dynamic_ipcw_patient_balanced_evaluation
history_adaptive_logistic_v61_transformer_cdrsb_qc,natural,history_ge_3_v61,raw,1,2964,996,185,2536,0.8504603308506419,0.3877881424490496,0.08033990009528887,0.11175611465764039,0.11113096375460099,0.0006251509030393981,1.1443906105647919,cumulative_dynamic_ipcw_patient_balanced_evaluation
history_adaptive_logistic_v61_transformer_cdrsb_qc,natural,history_ge_3_v61,raw,2,2964,996,414,1889,0.8676372213651803,0.6603643947955837,0.12370519225747793,0.24591089734818103,0.2593561430501342,0.013445245701953185,1.5313181032370853,cumulative_dynamic_ipcw_patient_balanced_evaluation
history_adaptive_logistic_v61_transformer_cdrsb_qc,natural,history_ge_3_v61,raw,3,2964,996,567,1420,0.8896844678784351,0.7884296365431959,0.12615874761175364,0.3406579259073935,0.35083749509385026,0.010179569186456738,1.988024399589658,cumulative_dynamic_ipcw_patient_balanced_evaluation
history_adaptive_logistic_v61_transformer_cdrsb_qc,natural,history_ge_3_v61,raw,5,2964,996,719,823,0.9034743407633535,0.8830888169410859,0.12455925303866182,0.44378501359857636,0.46475095533255445,0.02096594173397809,3.329269144317612,cumulative_dynamic_ipcw_patient_balanced_evaluation
history_adaptive_logistic_v61_transformer_cdrsb_qc,natural,history_ge_3_v61,cross_fitted_calibrated,1,2964,996,185,2536,0.8470546047697198,0.3787314175857372,0.08082513134253795,0.11175611465764039,0.11562122946905831,0.003865114811417922,1.1443906105647919,cumulative_dynamic_ipcw_patient_balanced_evaluation
history_adaptive_logistic_v61_transformer_cdrsb_qc,natural,history_ge_3_v61,cross_fitted_calibrated,2,2964,996,414,1889,0.8668076339867931,0.6595830403163894,0.12381661887659579,0.24591089734818103,0.26921106897338354,0.02330017162520251,1.5313181032370853,cumulative_dynamic_ipcw_patient_balanced_evaluation
history_adaptive_logistic_v61_transformer_cdrsb_qc,natural,history_ge_3_v61,cross_fitted_calibrated,3,2964,996,567,1420,0.8880258647782384,0.7826837811802276,0.12693686234075197,0.3406579259073935,0.35973654550253004,0.019078619595136515,1.988024399589658,cumulative_dynamic_ipcw_patient_balanced_evaluation
history_adaptive_logistic_v61_transformer_cdrsb_qc,natural,history_ge_3_v61,cross_fitted_calibrated,5,2964,996,719,823,0.9005129710632049,0.8772421076673657,0.12603570587406618,0.44378501359857636,0.4766536357426532,0.03286862214407682,3.329269144317612,cumulative_dynamic_ipcw_patient_balanced_evaluation
history_adaptive_logistic_v61_transformer_cdrsb_qc,natural,history_depth_2,raw,1,500,498,33,419,0.7103793171239072,0.2881959655645065,0.12531599596670762,0.15714639702786962,0.175370371069416,0.01822397404154638,1.2780020413230813,cumulative_dynamic_ipcw_patient_balanced_evaluation
history_adaptive_logistic_v61_transformer_cdrsb_qc,natural,history_depth_2,raw,2,500,498,107,305,0.8133383831647812,0.7227543316429276,0.17216936114968334,0.40691842866610634,0.4008313323229913,0.0060870963431150504,1.570206116542385,cumulative_dynamic_ipcw_patient_balanced_evaluation
history_adaptive_logistic_v61_transformer_cdrsb_qc,natural,history_depth_2,raw,3,500,498,139,236,0.8351538575208945,0.8077362788054989,0.16385381096178192,0.4992855623420007,0.5224355148522204,0.023149952510219673,2.004913259450856,cumulative_dynamic_ipcw_patient_balanced_evaluation
history_adaptive_logistic_v61_transformer_cdrsb_qc,natural,history_depth_2,raw,5,500,498,186,131,0.9129591223314382,0.947283415604284,0.11289617181295696,0.6390908301952608,0.647497180004144,0.008406349808883218,3.1523548046714005,cumulative_dynamic_ipcw_patient_balanced_evaluation
history_adaptive_logistic_v61_transformer_cdrsb_qc,natural,history_depth_2,cross_fitted_calibrated,1,500,498,33,419,0.7041233541821097,0.2927318946390672,0.12528594048597894,0.15714639702786962,0.1771998100225501,0.020053412994680497,1.2780020413230813,cumulative_dynamic_ipcw_patient_balanced_evaluation
history_adaptive_logistic_v61_transformer_cdrsb_qc,natural,history_depth_2,cross_fitted_calibrated,2,500,498,107,305,0.8100659186641432,0.7215973537759685,0.17281969836737862,0.40691842866610634,0.40593606462455994,0.0009823640415463908,1.570206116542385,cumulative_dynamic_ipcw_patient_balanced_evaluation
history_adaptive_logistic_v61_transformer_cdrsb_qc,natural,history_depth_2,cross_fitted_calibrated,3,500,498,139,236,0.8307481031967561,0.8019442415404763,0.1657062093364066,0.4992855623420007,0.5287422493301259,0.029456686988125202,2.004913259450856,cumulative_dynamic_ipcw_patient_balanced_evaluation
history_adaptive_logistic_v61_transformer_cdrsb_qc,natural,history_depth_2,cross_fitted_calibrated,5,500,498,186,131,0.9082138593323894,0.9439283798965811,0.11588331732539993,0.6390908301952608,0.6568882906854041,0.017797460490143302,3.1523548046714005,cumulative_dynamic_ipcw_patient_balanced_evaluation
history_adaptive_logistic_v61_transformer_cdrsb_qc,natural,history_depth_3,raw,1,725,723,61,613,0.8547770755319006,0.4384410873623461,0.09482883602910844,0.14064540279411852,0.1495657447771376,0.008920341983019081,1.1352790363101217,cumulative_dynamic_ipcw_patient_balanced_evaluation
history_adaptive_logistic_v61_transformer_cdrsb_qc,natural,history_depth_3,raw,2,725,723,137,458,0.8847293048466088,0.762229088101529,0.13022615913008947,0.31315185890160574,0.3333040596662794,0.020152200764673667,1.4779315781375497,cumulative_dynamic_ipcw_patient_balanced_evaluation
history_adaptive_logistic_v61_transformer_cdrsb_qc,natural,history_depth_3,raw,3,725,723,184,338,0.9047295920227769,0.8797428549386648,0.12725416767618486,0.41697181239069203,0.42851189850625787,0.01154008611556584,1.9017028340129498,cumulative_dynamic_ipcw_patient_balanced_evaluation
history_adaptive_logistic_v61_transformer_cdrsb_qc,natural,history_depth_3,raw,5,725,723,215,196,0.9187976049563769,0.9077597217854154,0.1212027944283489,0.4851695432623897,0.5460076053873932,0.060838062125003534,3.275298398295906,cumulative_dynamic_ipcw_patient_balanced_evaluation
history_adaptive_logistic_v61_transformer_cdrsb_qc,natural,history_depth_3,cross_fitted_calibrated,1,725,723,61,613,0.8494409565384365,0.4208908244251565,0.09591477076616667,0.14064540279411852,0.15214587885291703,0.011500476058798503,1.1352790363101217,cumulative_dynamic_ipcw_patient_balanced_evaluation
history_adaptive_logistic_v61_transformer_cdrsb_qc,natural,history_depth_3,cross_fitted_calibrated,2,725,723,137,458,0.8835230166063917,0.7588733446022758,0.13154532341248742,0.31315185890160574,0.3401839332172471,0.027032074315641363,1.4779315781375497,cumulative_dynamic_ipcw_patient_balanced_evaluation
history_adaptive_logistic_v61_transformer_cdrsb_qc,natural,history_depth_3,cross_fitted_calibrated,3,725,723,184,338,0.9029909892704704,0.8770663018136768,0.12834280511982427,0.41697181239069203,0.43556665390059185,0.018594841509899818,1.9017028340129498,cumulative_dynamic_ipcw_patient_balanced_evaluation
history_adaptive_logistic_v61_transformer_cdrsb_qc,natural,history_depth_3,cross_fitted_calibrated,5,725,723,215,196,0.9157985138559477,0.9026435606311622,0.12360458599713131,0.4851695432623897,0.5558112875322317,0.07064174426984204,3.275298398295906,cumulative_dynamic_ipcw_patient_balanced_evaluation
history_adaptive_logistic_v61_transformer_cdrsb_qc,natural,history_depth_ge_4,raw,1,2239,769,124,1923,0.8467248009456494,0.36321949859491254,0.0730918073693056,0.09770012277400501,0.09185987739429151,0.0058402453797135045,1.1482079163853987,cumulative_dynamic_ipcw_patient_balanced_evaluation
history_adaptive_logistic_v61_transformer_cdrsb_qc,natural,history_depth_ge_4,raw,2,2239,769,277,1431,0.8544290954900511,0.5811977839630303,0.11989049649016592,0.2120555553570918,0.22154882276544563,0.009493267408353823,1.5559841019425693,cumulative_dynamic_ipcw_patient_balanced_evaluation
history_adaptive_logistic_v61_transformer_cdrsb_qc,natural,history_depth_ge_4,raw,3,2239,769,383,1082,0.8808490774435674,0.7204144333188651,0.12483982722501162,0.3010844107494685,0.31080267103526665,0.009718260285798141,2.030080971104797,cumulative_dynamic_ipcw_patient_balanced_evaluation
history_adaptive_logistic_v61_transformer_cdrsb_qc,natural,history_depth_ge_4,raw,5,2239,769,504,627,0.8957953790191153,0.868256488680037,0.12616216356096802,0.42251109142325494,0.4231477735699377,0.0006366821466827766,3.356461942569408,cumulative_dynamic_ipcw_patient_balanced_evaluation
history_adaptive_logistic_v61_transformer_cdrsb_qc,natural,history_depth_ge_4,cross_fitted_calibrated,1,2239,769,124,1923,0.8443355083839241,0.3576648295964349,0.07329203721027498,0.09770012277400501,0.09730147764423075,0.0003986451297742638,1.1482079163853987,cumulative_dynamic_ipcw_patient_balanced_evaluation
history_adaptive_logistic_v61_transformer_cdrsb_qc,natural,history_depth_ge_4,cross_fitted_calibrated,2,2239,769,277,1431,0.8539332114124951,0.5823369599086045,0.11939808909628592,0.2120555553570918,0.23290507301609747,0.020849517659005667,1.5559841019425693,cumulative_dynamic_ipcw_patient_balanced_evaluation
history_adaptive_logistic_v61_transformer_cdrsb_qc,natural,history_depth_ge_4,cross_fitted_calibrated,3,2239,769,383,1082,0.8793635492477818,0.71416842011474,0.12547603852587777,0.3010844107494685,0.32063859190048055,0.01955418115101204,2.030080971104797,cumulative_dynamic_ipcw_patient_balanced_evaluation
history_adaptive_logistic_v61_transformer_cdrsb_qc,natural,history_depth_ge_4,cross_fitted_calibrated,5,2239,769,504,627,0.8928997009928404,0.862190670560329,0.1271677276733976,0.42251109142325494,0.43612303023281007,0.013611938809555135,3.356461942569408,cumulative_dynamic_ipcw_patient_balanced_evaluation
history_adaptive_logistic_v61_transformer_cdrsb_qc,no_ADAS13,all,raw,1,4222,1425,245,3488,0.7956860406719981,0.3135631755708408,0.08917246064328738,0.11405783044938227,0.09941172655774069,0.014646103891641574,1.3121316921682014,cumulative_dynamic_ipcw_patient_balanced_evaluation
history_adaptive_logistic_v61_transformer_cdrsb_qc,no_ADAS13,all,raw,2,4222,1425,581,2599,0.8109368685866991,0.6022501061570368,0.14856784251763008,0.2604347324135998,0.24298165166970173,0.01745308074389809,1.7778593125615876,cumulative_dynamic_ipcw_patient_balanced_evaluation
history_adaptive_logistic_v61_transformer_cdrsb_qc,no_ADAS13,all,raw,3,4222,1425,805,1965,0.8221845439365576,0.7129645112068275,0.16604728757360274,0.36128099944649456,0.34481573579294,0.01646526365355455,2.2934552786825306,cumulative_dynamic_ipcw_patient_balanced_evaluation
history_adaptive_logistic_v61_transformer_cdrsb_qc,no_ADAS13,all,raw,5,4222,1425,1045,1113,0.8521341999409652,0.8374389025246991,0.15859234280407153,0.47812125213474754,0.4793466703551547,0.0012254182204071706,3.9006263069999862,cumulative_dynamic_ipcw_patient_balanced_evaluation
history_adaptive_logistic_v61_transformer_cdrsb_qc,no_ADAS13,all,cross_fitted_calibrated,1,4222,1425,245,3488,0.7861013711291864,0.288041063580757,0.09018611779256669,0.11405783044938227,0.12109260915534097,0.0070347787059587,1.3121316921682014,cumulative_dynamic_ipcw_patient_balanced_evaluation
history_adaptive_logistic_v61_transformer_cdrsb_qc,no_ADAS13,all,cross_fitted_calibrated,2,4222,1425,581,2599,0.8042512797213035,0.5850258863713672,0.14916694851582957,0.2604347324135998,0.2818428253903251,0.0214080929767253,1.7778593125615876,cumulative_dynamic_ipcw_patient_balanced_evaluation
history_adaptive_logistic_v61_transformer_cdrsb_qc,no_ADAS13,all,cross_fitted_calibrated,3,4222,1425,805,1965,0.8156474923574967,0.6851446882431825,0.1666320299883398,0.36128099944649456,0.3890362038882836,0.027755204441789028,2.2934552786825306,cumulative_dynamic_ipcw_patient_balanced_evaluation
history_adaptive_logistic_v61_transformer_cdrsb_qc,no_ADAS13,all,cross_fitted_calibrated,5,4222,1425,1045,1113,0.8462621654129946,0.8225373443704114,0.16068201383170935,0.47812125213474754,0.522120663362465,0.043999411227717444,3.9006263069999862,cumulative_dynamic_ipcw_patient_balanced_evaluation
history_adaptive_logistic_v61_transformer_cdrsb_qc,no_ADAS13,history1_logistic,raw,1,758,758,27,533,0.7960843231818202,0.267910990627292,0.07965952351182112,0.09359670998613016,0.05642376917860398,0.037172940807526186,1.7258393461031019,cumulative_dynamic_ipcw_patient_balanced_evaluation
history_adaptive_logistic_v61_transformer_cdrsb_qc,no_ADAS13,history1_logistic,raw,2,758,758,60,405,0.7599260737118644,0.4191466696847013,0.1408491940364371,0.19401407575043017,0.1384879335953759,0.055526142155054276,2.5628157715216324,cumulative_dynamic_ipcw_patient_balanced_evaluation
history_adaptive_logistic_v61_transformer_cdrsb_qc,no_ADAS13,history1_logistic,raw,3,758,758,99,309,0.7771057017810024,0.5878821000229197,0.18358808957574096,0.3180177932800296,0.2500135907949683,0.06800420248506128,3.264221732216435,cumulative_dynamic_ipcw_patient_balanced_evaluation
history_adaptive_logistic_v61_transformer_cdrsb_qc,no_ADAS13,history1_logistic,raw,5,758,758,140,159,0.8082312357998968,0.739950197757848,0.18785990827424773,0.4512793492199862,0.41531364500199236,0.03596570421799383,6.039876347991747,cumulative_dynamic_ipcw_patient_balanced_evaluation
history_adaptive_logistic_v61_transformer_cdrsb_qc,no_ADAS13,history1_logistic,cross_fitted_calibrated,1,758,758,27,533,0.7581943744718087,0.21199465544196305,0.08251559995077133,0.09359670998613016,0.0987225360396782,0.005125826053548041,1.7258393461031019,cumulative_dynamic_ipcw_patient_balanced_evaluation
history_adaptive_logistic_v61_transformer_cdrsb_qc,no_ADAS13,history1_logistic,cross_fitted_calibrated,2,758,758,60,405,0.723112634716031,0.36039916318558807,0.14590767888296707,0.19401407575043017,0.22067434982375023,0.026660274073320056,2.5628157715216324,cumulative_dynamic_ipcw_patient_balanced_evaluation
history_adaptive_logistic_v61_transformer_cdrsb_qc,no_ADAS13,history1_logistic,cross_fitted_calibrated,3,758,758,99,309,0.7512268545728306,0.552254778308072,0.18587703351405213,0.3180177932800296,0.3520402924624235,0.03402249918239392,3.264221732216435,cumulative_dynamic_ipcw_patient_balanced_evaluation
history_adaptive_logistic_v61_transformer_cdrsb_qc,no_ADAS13,history1_logistic,cross_fitted_calibrated,5,758,758,140,159,0.7955345895440824,0.7301161121780324,0.19215256062895103,0.4512793492199862,0.5227753716071917,0.07149602238720548,6.039876347991747,cumulative_dynamic_ipcw_patient_balanced_evaluation
history_adaptive_logistic_v61_transformer_cdrsb_qc,no_ADAS13,history_ge_2_v61,raw,1,3464,1098,218,2955,0.7993876978387303,0.33045196118095127,0.09266619840200636,0.12112357116396451,0.11381925795935806,0.00730431320460645,1.1722614290002968,cumulative_dynamic_ipcw_patient_balanced_evaluation
history_adaptive_logistic_v61_transformer_cdrsb_qc,no_ADAS13,history_ge_2_v61,raw,2,3464,1098,521,2194,0.8219021882576144,0.6355123132925695,0.15010529069710699,0.28016155680433585,0.274839922082428,0.005321634721907831,1.5432763047370626,cumulative_dynamic_ipcw_patient_balanced_evaluation
history_adaptive_logistic_v61_transformer_cdrsb_qc,no_ADAS13,history_ge_2_v61,raw,3,3464,1098,706,1656,0.836420810571727,0.7400655450414644,0.16057516379540718,0.37451819071602105,0.37379708823039526,0.0007211024856257908,1.9977830618097057,cumulative_dynamic_ipcw_patient_balanced_evaluation
history_adaptive_logistic_v61_transformer_cdrsb_qc,no_ADAS13,history_ge_2_v61,raw,5,3464,1098,905,954,0.8689668977900878,0.8608561763814577,0.1492948567999691,0.4861546009174126,0.4993359237285889,0.013181322811176344,3.312024071416148,cumulative_dynamic_ipcw_patient_balanced_evaluation
history_adaptive_logistic_v61_transformer_cdrsb_qc,no_ADAS13,history_ge_2_v61,cross_fitted_calibrated,1,3464,1098,218,2955,0.7938404157776954,0.3257112218066481,0.09297102515360176,0.12112357116396451,0.12859493156795507,0.0074713604039905596,1.1722614290002968,cumulative_dynamic_ipcw_patient_balanced_evaluation
history_adaptive_logistic_v61_transformer_cdrsb_qc,no_ADAS13,history_ge_2_v61,cross_fitted_calibrated,2,3464,1098,521,2194,0.818657422384056,0.6329044323494122,0.14962714507143848,0.28016155680433585,0.30052741698498475,0.020365860180648898,1.5432763047370626,cumulative_dynamic_ipcw_patient_balanced_evaluation
history_adaptive_logistic_v61_transformer_cdrsb_qc,no_ADAS13,history_ge_2_v61,cross_fitted_calibrated,3,3464,1098,706,1656,0.8311453035433543,0.722966379858992,0.160628447072212,0.37451819071602105,0.40044205765142665,0.025923866935405604,1.9977830618097057,cumulative_dynamic_ipcw_patient_balanced_evaluation
history_adaptive_logistic_v61_transformer_cdrsb_qc,no_ADAS13,history_ge_2_v61,cross_fitted_calibrated,5,3464,1098,905,954,0.8623077136119219,0.8505534009645447,0.15155481544152333,0.4861546009174126,0.5233641747940561,0.037209573876643476,3.312024071416148,cumulative_dynamic_ipcw_patient_balanced_evaluation
history_adaptive_logistic_v61_transformer_cdrsb_qc,no_ADAS13,history_ge_3_v61,raw,1,2964,996,185,2536,0.8412801340200674,0.369786782699043,0.08194871338102232,0.11175611465764039,0.10431910821817368,0.007437006439466709,1.1443906105647919,cumulative_dynamic_ipcw_patient_balanced_evaluation
history_adaptive_logistic_v61_transformer_cdrsb_qc,no_ADAS13,history_ge_3_v61,raw,2,2964,996,414,1889,0.8377857520527671,0.6309248439744617,0.13448673574646933,0.24591089734818103,0.25082258610299196,0.004911688754810933,1.5313181032370853,cumulative_dynamic_ipcw_patient_balanced_evaluation
history_adaptive_logistic_v61_transformer_cdrsb_qc,no_ADAS13,history_ge_3_v61,raw,3,2964,996,567,1420,0.8506692709090824,0.7351995599523174,0.14702446409205985,0.3406579259073935,0.34434354914975174,0.003685623242358216,1.988024399589658,cumulative_dynamic_ipcw_patient_balanced_evaluation
history_adaptive_logistic_v61_transformer_cdrsb_qc,no_ADAS13,history_ge_3_v61,raw,5,2964,996,719,823,0.8782699680937657,0.853693728739319,0.14135041422303174,0.44378501359857636,0.46443680608497295,0.020651792486396592,3.329269144317612,cumulative_dynamic_ipcw_patient_balanced_evaluation
history_adaptive_logistic_v61_transformer_cdrsb_qc,no_ADAS13,history_ge_3_v61,cross_fitted_calibrated,1,2964,996,185,2536,0.838131812112815,0.36907980451933126,0.08252233232084191,0.11175611465764039,0.11915532630485595,0.007399211647215562,1.1443906105647919,cumulative_dynamic_ipcw_patient_balanced_evaluation
history_adaptive_logistic_v61_transformer_cdrsb_qc,no_ADAS13,history_ge_3_v61,cross_fitted_calibrated,2,2964,996,414,1889,0.8360404782112912,0.6257180201207326,0.1348372590505956,0.24591089734818103,0.2782555497165166,0.032344652368335586,1.5313181032370853,cumulative_dynamic_ipcw_patient_balanced_evaluation
history_adaptive_logistic_v61_transformer_cdrsb_qc,no_ADAS13,history_ge_3_v61,cross_fitted_calibrated,3,2964,996,567,1420,0.8462590645642596,0.7212387897815032,0.1481119720266073,0.3406579259073935,0.373477635837064,0.03281970992967048,1.988024399589658,cumulative_dynamic_ipcw_patient_balanced_evaluation
history_adaptive_logistic_v61_transformer_cdrsb_qc,no_ADAS13,history_ge_3_v61,cross_fitted_calibrated,5,2964,996,719,823,0.8718997709678336,0.8435400165958726,0.14451694741179558,0.44378501359857636,0.49089356275350743,0.04710854915493107,3.329269144317612,cumulative_dynamic_ipcw_patient_balanced_evaluation
history_adaptive_logistic_v61_transformer_cdrsb_qc,no_ADAS13,history_depth_2,raw,1,500,498,33,419,0.6429681722015587,0.25380897141830594,0.13371631012004265,0.15714639702786962,0.1500219369267434,0.007124460101126218,1.2780020413230813,cumulative_dynamic_ipcw_patient_balanced_evaluation
history_adaptive_logistic_v61_transformer_cdrsb_qc,no_ADAS13,history_depth_2,raw,2,500,498,107,305,0.7471572424483028,0.6556085376310977,0.2066525239807988,0.40691842866610634,0.36066701753991964,0.04625141112618669,1.570206116542385,cumulative_dynamic_ipcw_patient_balanced_evaluation
history_adaptive_logistic_v61_transformer_cdrsb_qc,no_ADAS13,history_depth_2,raw,3,500,498,139,236,0.7651755984156243,0.7613380107356416,0.20792869459082078,0.4992855623420007,0.4783083735795368,0.020977188762463905,2.004913259450856,cumulative_dynamic_ipcw_patient_balanced_evaluation
history_adaptive_logistic_v61_transformer_cdrsb_qc,no_ADAS13,history_depth_2,raw,5,500,498,186,131,0.8157091339302198,0.8844748257993742,0.1740383524911949,0.6390908301952608,0.6202771372659021,0.01881369292935875,3.1523548046714005,cumulative_dynamic_ipcw_patient_balanced_evaluation
history_adaptive_logistic_v61_transformer_cdrsb_qc,no_ADAS13,history_depth_2,cross_fitted_calibrated,1,500,498,33,419,0.6345484996675117,0.2459226990881075,0.1329930076018218,0.15714639702786962,0.16456447724907786,0.00741808022120824,1.2780020413230813,cumulative_dynamic_ipcw_patient_balanced_evaluation
history_adaptive_logistic_v61_transformer_cdrsb_qc,no_ADAS13,history_depth_2,cross_fitted_calibrated,2,500,498,107,305,0.7422786838256684,0.6569298023317163,0.20307001975980354,0.40691842866610634,0.3800657447273373,0.02685268393876905,1.570206116542385,cumulative_dynamic_ipcw_patient_balanced_evaluation
history_adaptive_logistic_v61_transformer_cdrsb_qc,no_ADAS13,history_depth_2,cross_fitted_calibrated,3,500,498,139,236,0.7565474599558375,0.7387773566726769,0.20420653311437373,0.4992855623420007,0.4960514526749018,0.0032341096670989167,2.004913259450856,cumulative_dynamic_ipcw_patient_balanced_evaluation
history_adaptive_logistic_v61_transformer_cdrsb_qc,no_ADAS13,history_depth_2,cross_fitted_calibrated,5,500,498,186,131,0.8056264562465681,0.8741335005021552,0.17292445899996545,0.6390908301952608,0.6357148071259324,0.003376023069328382,3.1523548046714005,cumulative_dynamic_ipcw_patient_balanced_evaluation
history_adaptive_logistic_v61_transformer_cdrsb_qc,no_ADAS13,history_depth_3,raw,1,725,723,61,613,0.837776592594345,0.4189764523977213,0.09697144128407006,0.14064540279411852,0.1385979238577494,0.0020474789363691126,1.1352790363101217,cumulative_dynamic_ipcw_patient_balanced_evaluation
history_adaptive_logistic_v61_transformer_cdrsb_qc,no_ADAS13,history_depth_3,raw,2,725,723,137,458,0.8587799078309091,0.7607288105321579,0.14106771314071087,0.31315185890160574,0.31772025524241937,0.00456839634081363,1.4779315781375497,cumulative_dynamic_ipcw_patient_balanced_evaluation
history_adaptive_logistic_v61_transformer_cdrsb_qc,no_ADAS13,history_depth_3,raw,3,725,723,184,338,0.8523726375287539,0.819807905858595,0.1576761129451004,0.41697181239069203,0.41131512546347543,0.005656686927216603,1.9017028340129498,cumulative_dynamic_ipcw_patient_balanced_evaluation
history_adaptive_logistic_v61_transformer_cdrsb_qc,no_ADAS13,history_depth_3,raw,5,725,723,215,196,0.8910920759433896,0.8854267457178471,0.13860352770362142,0.4851695432623897,0.5263261199985996,0.04115657673620987,3.275298398295906,cumulative_dynamic_ipcw_patient_balanced_evaluation
history_adaptive_logistic_v61_transformer_cdrsb_qc,no_ADAS13,history_depth_3,cross_fitted_calibrated,1,725,723,61,613,0.8337859895139296,0.41879463934248995,0.09821512954801558,0.14064540279411852,0.1511191403805232,0.010473737586404686,1.1352790363101217,cumulative_dynamic_ipcw_patient_balanced_evaluation
history_adaptive_logistic_v61_transformer_cdrsb_qc,no_ADAS13,history_depth_3,cross_fitted_calibrated,2,725,723,137,458,0.8577389274287748,0.7569550720684389,0.1434575393042852,0.31315185890160574,0.33810929566268993,0.024957436761084195,1.4779315781375497,cumulative_dynamic_ipcw_patient_balanced_evaluation
history_adaptive_logistic_v61_transformer_cdrsb_qc,no_ADAS13,history_depth_3,cross_fitted_calibrated,3,725,723,184,338,0.8482440709545995,0.8052904798333099,0.1574102893947958,0.41697181239069203,0.43299748672916255,0.01602567433847052,1.9017028340129498,cumulative_dynamic_ipcw_patient_balanced_evaluation
history_adaptive_logistic_v61_transformer_cdrsb_qc,no_ADAS13,history_depth_3,cross_fitted_calibrated,5,725,723,215,196,0.8848190347735166,0.8770789635798905,0.14158424665693622,0.4851695432623897,0.5477171875357761,0.06254764427338644,3.275298398295906,cumulative_dynamic_ipcw_patient_balanced_evaluation
history_adaptive_logistic_v61_transformer_cdrsb_qc,no_ADAS13,history_depth_ge_4,raw,1,2239,769,124,1923,0.8404790181016137,0.34304143790831143,0.07447059565527521,0.09770012277400501,0.08713152982893894,0.010568592945066069,1.1482079163853987,cumulative_dynamic_ipcw_patient_balanced_evaluation
history_adaptive_logistic_v61_transformer_cdrsb_qc,no_ADAS13,history_depth_ge_4,raw,2,2239,769,277,1431,0.8223323489565779,0.5270632757032115,0.13070915073527634,0.2120555553570918,0.21664139678319685,0.004585841426105047,1.5559841019425693,cumulative_dynamic_ipcw_patient_balanced_evaluation
history_adaptive_logistic_v61_transformer_cdrsb_qc,no_ADAS13,history_depth_ge_4,raw,3,2239,769,383,1082,0.8493752533423132,0.6757385256338895,0.1405716326170715,0.3010844107494685,0.30997116896618365,0.00888675821671514,2.030080971104797,cumulative_dynamic_ipcw_patient_balanced_evaluation
history_adaptive_logistic_v61_transformer_cdrsb_qc,no_ADAS13,history_depth_ge_4,raw,5,2239,769,504,627,0.8730080087385094,0.834857405981641,0.1424012445295349,0.42251109142325494,0.43305017750689245,0.010539086083637517,3.356461942569408,cumulative_dynamic_ipcw_patient_balanced_evaluation
history_adaptive_logistic_v61_transformer_cdrsb_qc,no_ADAS13,history_depth_ge_4,cross_fitted_calibrated,1,2239,769,124,1923,0.8373324231714339,0.3371900508631278,0.07471916487593656,0.09770012277400501,0.10312235465055859,0.005422231876553579,1.1482079163853987,cumulative_dynamic_ipcw_patient_balanced_evaluation
history_adaptive_logistic_v61_transformer_cdrsb_qc,no_ADAS13,history_depth_ge_4,cross_fitted_calibrated,2,2239,769,277,1431,0.8201130424806516,0.5239920666781236,0.13004426865919505,0.2120555553570918,0.24764936722419015,0.03559381186709834,1.5559841019425693,cumulative_dynamic_ipcw_patient_balanced_evaluation
history_adaptive_logistic_v61_transformer_cdrsb_qc,no_ADAS13,history_depth_ge_4,cross_fitted_calibrated,3,2239,769,383,1082,0.8442172457103803,0.661231307169945,0.14246897910545767,0.3010844107494685,0.34291339512914887,0.041828984379680356,2.030080971104797,cumulative_dynamic_ipcw_patient_balanced_evaluation
history_adaptive_logistic_v61_transformer_cdrsb_qc,no_ADAS13,history_depth_ge_4,cross_fitted_calibrated,5,2239,769,504,627,0.8653056709235284,0.8219726986224967,0.14570671164899993,0.42251109142325494,0.46206891096782626,0.03955781954457133,3.356461942569408,cumulative_dynamic_ipcw_patient_balanced_evaluation
history_adaptive_logistic_v61_transformer_cdrsb_qc,MMSE_plus_CDGLOBAL,all,raw,1,4222,1425,245,3488,0.6976005080349372,0.2257135715376726,0.09751996966723785,0.11405783044938227,0.07341625447113266,0.040641575978249606,1.3121316921682014,cumulative_dynamic_ipcw_patient_balanced_evaluation
history_adaptive_logistic_v61_transformer_cdrsb_qc,MMSE_plus_CDGLOBAL,all,raw,2,4222,1425,581,2599,0.7141437795528596,0.4608891849648336,0.17549233588114121,0.2604347324135998,0.1968991800205812,0.06353555239301861,1.7778593125615876,cumulative_dynamic_ipcw_patient_balanced_evaluation
history_adaptive_logistic_v61_transformer_cdrsb_qc,MMSE_plus_CDGLOBAL,all,raw,3,4222,1425,805,1965,0.7379053845431407,0.6051832825477449,0.19639625495448418,0.36128099944649456,0.3133472707476424,0.04793372869885215,2.2934552786825306,cumulative_dynamic_ipcw_patient_balanced_evaluation
history_adaptive_logistic_v61_transformer_cdrsb_qc,MMSE_plus_CDGLOBAL,all,raw,5,4222,1425,1045,1113,0.7682592256084904,0.7477372850447681,0.195567835553017,0.47812125213474754,0.4731404523347498,0.0049807997999977704,3.9006263069999862,cumulative_dynamic_ipcw_patient_balanced_evaluation
history_adaptive_logistic_v61_transformer_cdrsb_qc,MMSE_plus_CDGLOBAL,all,cross_fitted_calibrated,1,4222,1425,245,3488,0.6802859439497277,0.22020473405002902,0.0964776325921471,0.11405783044938227,0.1216328936463068,0.007575063196924539,1.3121316921682014,cumulative_dynamic_ipcw_patient_balanced_evaluation
history_adaptive_logistic_v61_transformer_cdrsb_qc,MMSE_plus_CDGLOBAL,all,cross_fitted_calibrated,2,4222,1425,581,2599,0.7004539730653223,0.4469017854279643,0.174494332668179,0.2604347324135998,0.2858570250852216,0.02542229267162177,1.7778593125615876,cumulative_dynamic_ipcw_patient_balanced_evaluation
history_adaptive_logistic_v61_transformer_cdrsb_qc,MMSE_plus_CDGLOBAL,all,cross_fitted_calibrated,3,4222,1425,805,1965,0.7317842858626591,0.5966392748624029,0.19690284612808914,0.36128099944649456,0.39455512148016525,0.033274122033670694,2.2934552786825306,cumulative_dynamic_ipcw_patient_balanced_evaluation
history_adaptive_logistic_v61_transformer_cdrsb_qc,MMSE_plus_CDGLOBAL,all,cross_fitted_calibrated,5,4222,1425,1045,1113,0.7681147913398416,0.7477264267885116,0.199859671785923,0.47812125213474754,0.5308877455340201,0.05276649339927253,3.9006263069999862,cumulative_dynamic_ipcw_patient_balanced_evaluation
history_adaptive_logistic_v61_transformer_cdrsb_qc,MMSE_plus_CDGLOBAL,history1_logistic,raw,1,758,758,27,533,0.5678819754299647,0.10799795057263618,0.0875011426055549,0.09359670998613016,0.04561794632748364,0.04797876365864653,1.7258393461031019,cumulative_dynamic_ipcw_patient_balanced_evaluation
history_adaptive_logistic_v61_transformer_cdrsb_qc,MMSE_plus_CDGLOBAL,history1_logistic,raw,2,758,758,60,405,0.6550693608448305,0.26967333371019664,0.158930026244773,0.19401407575043017,0.12139030390558642,0.07262377184484375,2.5628157715216324,cumulative_dynamic_ipcw_patient_balanced_evaluation
history_adaptive_logistic_v61_transformer_cdrsb_qc,MMSE_plus_CDGLOBAL,history1_logistic,raw,3,758,758,99,309,0.6706735165937627,0.4696658169872321,0.21036627637292898,0.3180177932800296,0.22845711769335378,0.08956067558667583,3.264221732216435,cumulative_dynamic_ipcw_patient_balanced_evaluation
history_adaptive_logistic_v61_transformer_cdrsb_qc,MMSE_plus_CDGLOBAL,history1_logistic,raw,5,758,758,140,159,0.708924708802195,0.6606729057987352,0.2217594839749326,0.4512793492199862,0.3961695685303159,0.05510978068967032,6.039876347991747,cumulative_dynamic_ipcw_patient_balanced_evaluation
history_adaptive_logistic_v61_transformer_cdrsb_qc,MMSE_plus_CDGLOBAL,history1_logistic,cross_fitted_calibrated,1,758,758,27,533,0.41426463393902463,0.07969749341112425,0.08694884983733726,0.09359670998613016,0.09843027874276868,0.004833568756638512,1.7258393461031019,cumulative_dynamic_ipcw_patient_balanced_evaluation
history_adaptive_logistic_v61_transformer_cdrsb_qc,MMSE_plus_CDGLOBAL,history1_logistic,cross_fitted_calibrated,2,758,758,60,405,0.5643030791314682,0.21004184116389082,0.1620009507382967,0.19401407575043017,0.22400150283155013,0.029987427081119955,2.5628157715216324,cumulative_dynamic_ipcw_patient_balanced_evaluation
history_adaptive_logistic_v61_transformer_cdrsb_qc,MMSE_plus_CDGLOBAL,history1_logistic,cross_fitted_calibrated,3,758,758,99,309,0.6236440379427701,0.44443037265880236,0.20994504956798604,0.3180177932800296,0.3560432089936557,0.03802541571362611,3.264221732216435,cumulative_dynamic_ipcw_patient_balanced_evaluation
history_adaptive_logistic_v61_transformer_cdrsb_qc,MMSE_plus_CDGLOBAL,history1_logistic,cross_fitted_calibrated,5,758,758,140,159,0.6886714780601786,0.6472726388572416,0.230578022657189,0.4512793492199862,0.5303010000592272,0.07902165083924101,6.039876347991747,cumulative_dynamic_ipcw_patient_balanced_evaluation
history_adaptive_logistic_v61_transformer_cdrsb_qc,MMSE_plus_CDGLOBAL,history_ge_2_v61,raw,1,3464,1098,218,2955,0.7207782357380057,0.2463443305949585,0.10115394173849408,0.12112357116396451,0.08273168405905729,0.03839188710490722,1.1722614290002968,cumulative_dynamic_ipcw_patient_balanced_evaluation
history_adaptive_logistic_v61_transformer_cdrsb_qc,MMSE_plus_CDGLOBAL,history_ge_2_v61,raw,2,3464,1098,521,2194,0.7260869312165137,0.4915775988807929,0.17972840859431077,0.28016155680433585,0.2199196933899487,0.06024186341438714,1.5432763047370626,cumulative_dynamic_ipcw_patient_balanced_evaluation
history_adaptive_logistic_v61_transformer_cdrsb_qc,MMSE_plus_CDGLOBAL,history_ge_2_v61,raw,3,3464,1098,706,1656,0.7556592364427386,0.6335107843326644,0.19201409221794988,0.37451819071602105,0.3392994083849146,0.035218782331106424,1.9977830618097057,cumulative_dynamic_ipcw_patient_balanced_evaluation
history_adaptive_logistic_v61_transformer_cdrsb_qc,MMSE_plus_CDGLOBAL,history_ge_2_v61,raw,5,3464,1098,905,954,0.7913350048995434,0.7748511149692614,0.1867828504480535,0.4861546009174126,0.4963467166108122,0.010192115693399617,3.312024071416148,cumulative_dynamic_ipcw_patient_balanced_evaluation
history_adaptive_logistic_v61_transformer_cdrsb_qc,MMSE_plus_CDGLOBAL,history_ge_2_v61,cross_fitted_calibrated,1,3464,1098,218,2955,0.7135072775159436,0.24178926490879427,0.09994557066432944,0.12112357116396451,0.12938324626288436,0.008259675098919853,1.1722614290002968,cumulative_dynamic_ipcw_patient_balanced_evaluation
history_adaptive_logistic_v61_transformer_cdrsb_qc,MMSE_plus_CDGLOBAL,history_ge_2_v61,cross_fitted_calibrated,2,3464,1098,521,2194,0.7219403093145916,0.4840366453335754,0.17760095521405767,0.28016155680433585,0.30480803863488515,0.024646481830549294,1.5432763047370626,cumulative_dynamic_ipcw_patient_balanced_evaluation
history_adaptive_logistic_v61_transformer_cdrsb_qc,MMSE_plus_CDGLOBAL,history_ge_2_v61,cross_fitted_calibrated,3,3464,1098,706,1656,0.753203091687849,0.6240906384458142,0.19277502812281522,0.37451819071602105,0.40643601216335357,0.03191782144733252,1.9977830618097057,cumulative_dynamic_ipcw_patient_balanced_evaluation
history_adaptive_logistic_v61_transformer_cdrsb_qc,MMSE_plus_CDGLOBAL,history_ge_2_v61,cross_fitted_calibrated,5,3464,1098,905,954,0.7878473885785036,0.7710670898439872,0.19081134493631416,0.4861546009174126,0.5323428009636418,0.046188200046229255,3.312024071416148,cumulative_dynamic_ipcw_patient_balanced_evaluation
history_adaptive_logistic_v61_transformer_cdrsb_qc,MMSE_plus_CDGLOBAL,history_ge_3_v61,raw,1,2964,996,185,2536,0.7410449276546973,0.2536453537601517,0.09353339670798859,0.11175611465764039,0.07507626588439172,0.036679848773248674,1.1443906105647919,cumulative_dynamic_ipcw_patient_balanced_evaluation
history_adaptive_logistic_v61_transformer_cdrsb_qc,MMSE_plus_CDGLOBAL,history_ge_3_v61,raw,2,2964,996,414,1889,0.7464116407355299,0.4882813343693057,0.1607843123318642,0.24591089734818103,0.20281611650574446,0.043094780842436564,1.5313181032370853,cumulative_dynamic_ipcw_patient_balanced_evaluation
history_adaptive_logistic_v61_transformer_cdrsb_qc,MMSE_plus_CDGLOBAL,history_ge_3_v61,raw,3,2964,996,567,1420,0.7718886528931295,0.6323545572129546,0.17939756207031657,0.3406579259073935,0.3159545768669469,0.02470334904044663,1.988024399589658,cumulative_dynamic_ipcw_patient_balanced_evaluation
history_adaptive_logistic_v61_transformer_cdrsb_qc,MMSE_plus_CDGLOBAL,history_ge_3_v61,raw,5,2964,996,719,823,0.7948955922159061,0.7485042396578108,0.18420340373594535,0.44378501359857636,0.46708266787204494,0.023297654273468582,3.329269144317612,cumulative_dynamic_ipcw_patient_balanced_evaluation
history_adaptive_logistic_v61_transformer_cdrsb_qc,MMSE_plus_CDGLOBAL,history_ge_3_v61,cross_fitted_calibrated,1,2964,996,185,2536,0.7312667651195832,0.24701182269963337,0.0923057525547438,0.11175611465764039,0.11887540354529827,0.007119288887657879,1.1443906105647919,cumulative_dynamic_ipcw_patient_balanced_evaluation
history_adaptive_logistic_v61_transformer_cdrsb_qc,MMSE_plus_CDGLOBAL,history_ge_3_v61,cross_fitted_calibrated,2,2964,996,414,1889,0.7420030448463004,0.479025167465612,0.1614839439520019,0.24591089734818103,0.2854355538756201,0.039524656527439056,1.5313181032370853,cumulative_dynamic_ipcw_patient_balanced_evaluation
history_adaptive_logistic_v61_transformer_cdrsb_qc,MMSE_plus_CDGLOBAL,history_ge_3_v61,cross_fitted_calibrated,3,2964,996,567,1420,0.7691847993666712,0.6192177840292822,0.18173424700303425,0.3406579259073935,0.3820603572593773,0.04140243135198379,1.988024399589658,cumulative_dynamic_ipcw_patient_balanced_evaluation
history_adaptive_logistic_v61_transformer_cdrsb_qc,MMSE_plus_CDGLOBAL,history_ge_3_v61,cross_fitted_calibrated,5,2964,996,719,823,0.7911353473618989,0.7452522562781321,0.18910054447034094,0.44378501359857636,0.503304622198914,0.05951960860033767,3.329269144317612,cumulative_dynamic_ipcw_patient_balanced_evaluation
history_adaptive_logistic_v61_transformer_cdrsb_qc,MMSE_plus_CDGLOBAL,history_depth_2,raw,1,500,498,33,419,0.6408293016172919,0.24672621897224759,0.13043753544383077,0.15714639702786962,0.11190368772483121,0.045242709303038406,1.2780020413230813,cumulative_dynamic_ipcw_patient_balanced_evaluation
history_adaptive_logistic_v61_transformer_cdrsb_qc,MMSE_plus_CDGLOBAL,history_depth_2,raw,2,500,498,107,305,0.6199538733693144,0.5156704750245638,0.248593579759112,0.40691842866610634,0.28091161137139364,0.1260068172947127,1.570206116542385,cumulative_dynamic_ipcw_patient_balanced_evaluation
history_adaptive_logistic_v61_transformer_cdrsb_qc,MMSE_plus_CDGLOBAL,history_depth_2,raw,3,500,498,139,236,0.6667861752401076,0.6489845718585578,0.23651612359397803,0.4992855623420007,0.42176481317469877,0.07752074916730195,2.004913259450856,cumulative_dynamic_ipcw_patient_balanced_evaluation
history_adaptive_logistic_v61_transformer_cdrsb_qc,MMSE_plus_CDGLOBAL,history_depth_2,raw,5,500,498,186,131,0.7530517322042477,0.8403663197716114,0.19321441194002748,0.6390908301952608,0.5971311042448961,0.04195972595036468,3.1523548046714005,cumulative_dynamic_ipcw_patient_balanced_evaluation
history_adaptive_logistic_v61_transformer_cdrsb_qc,MMSE_plus_CDGLOBAL,history_depth_2,cross_fitted_calibrated,1,500,498,33,419,0.6392940541825387,0.24744774179187623,0.1292567939142928,0.15714639702786962,0.1694253919681765,0.012278994940306875,1.2780020413230813,cumulative_dynamic_ipcw_patient_balanced_evaluation
history_adaptive_logistic_v61_transformer_cdrsb_qc,MMSE_plus_CDGLOBAL,history_depth_2,cross_fitted_calibrated,2,500,498,107,305,0.6164043739577052,0.5118424054378865,0.2354572705969409,0.40691842866610634,0.37386436505682363,0.0330540636092827,1.570206116542385,cumulative_dynamic_ipcw_patient_balanced_evaluation
history_adaptive_logistic_v61_transformer_cdrsb_qc,MMSE_plus_CDGLOBAL,history_depth_2,cross_fitted_calibrated,3,500,498,139,236,0.6654978572408734,0.6485274292387893,0.23096159959445878,0.4992855623420007,0.49250318748962285,0.00678237485237787,2.004913259450856,cumulative_dynamic_ipcw_patient_balanced_evaluation
history_adaptive_logistic_v61_transformer_cdrsb_qc,MMSE_plus_CDGLOBAL,history_depth_2,cross_fitted_calibrated,5,500,498,186,131,0.7486853290708465,0.8341896615858466,0.1936513717015572,0.6390908301952608,0.632197686727237,0.006893143468023832,3.1523548046714005,cumulative_dynamic_ipcw_patient_balanced_evaluation
history_adaptive_logistic_v61_transformer_cdrsb_qc,MMSE_plus_CDGLOBAL,history_depth_3,raw,1,725,723,61,613,0.7130544888249963,0.2937347767535486,0.11524855367138563,0.14064540279411852,0.09017710890061167,0.05046829389350685,1.1352790363101217,cumulative_dynamic_ipcw_patient_balanced_evaluation
history_adaptive_logistic_v61_transformer_cdrsb_qc,MMSE_plus_CDGLOBAL,history_depth_3,raw,2,725,723,137,458,0.7270771782501264,0.5525335298856524,0.1918773653265183,0.31315185890160574,0.23487345439717264,0.0782784045044331,1.4779315781375497,cumulative_dynamic_ipcw_patient_balanced_evaluation
history_adaptive_logistic_v61_transformer_cdrsb_qc,MMSE_plus_CDGLOBAL,history_depth_3,raw,3,725,723,184,338,0.7649940176243808,0.6959723984444618,0.19732540519195385,0.41697181239069203,0.3529115019193065,0.06406031047138555,1.9017028340129498,cumulative_dynamic_ipcw_patient_balanced_evaluation
history_adaptive_logistic_v61_transformer_cdrsb_qc,MMSE_plus_CDGLOBAL,history_depth_3,raw,5,725,723,215,196,0.8015001530799793,0.7883392365139719,0.18245117674973643,0.4851695432623897,0.4993204960144007,0.014150952752011003,3.275298398295906,cumulative_dynamic_ipcw_patient_balanced_evaluation
history_adaptive_logistic_v61_transformer_cdrsb_qc,MMSE_plus_CDGLOBAL,history_depth_3,cross_fitted_calibrated,1,725,723,61,613,0.7029979127710226,0.2836848130625654,0.11287497176785471,0.14064540279411852,0.1393461345167897,0.0012992682773288189,1.1352790363101217,cumulative_dynamic_ipcw_patient_balanced_evaluation
history_adaptive_logistic_v61_transformer_cdrsb_qc,MMSE_plus_CDGLOBAL,history_depth_3,cross_fitted_calibrated,2,725,723,137,458,0.7207106798488782,0.5377669423730691,0.18725401910616032,0.31315185890160574,0.32198677962768174,0.008834920726076001,1.4779315781375497,cumulative_dynamic_ipcw_patient_balanced_evaluation
history_adaptive_logistic_v61_transformer_cdrsb_qc,MMSE_plus_CDGLOBAL,history_depth_3,cross_fitted_calibrated,3,725,723,184,338,0.7608137820836262,0.6827412853585102,0.19487131745517292,0.41697181239069203,0.42077354076820817,0.0038017283775161337,1.9017028340129498,cumulative_dynamic_ipcw_patient_balanced_evaluation
history_adaptive_logistic_v61_transformer_cdrsb_qc,MMSE_plus_CDGLOBAL,history_depth_3,cross_fitted_calibrated,5,725,723,215,196,0.7992733934770248,0.7858798150604449,0.18669058789016701,0.4851695432623897,0.5351963788754944,0.050026835613104725,3.275298398295906,cumulative_dynamic_ipcw_patient_balanced_evaluation
history_adaptive_logistic_v61_transformer_cdrsb_qc,MMSE_plus_CDGLOBAL,history_depth_ge_4,raw,1,2239,769,124,1923,0.7530105819590032,0.23565197881764657,0.0829730150799639,0.09770012277400501,0.06743992430686419,0.030260198467140828,1.1482079163853987,cumulative_dynamic_ipcw_patient_balanced_evaluation
history_adaptive_logistic_v61_transformer_cdrsb_qc,MMSE_plus_CDGLOBAL,history_depth_ge_4,raw,2,2239,769,277,1431,0.7489951939675704,0.44241438854926646,0.14498152281204346,0.2120555553570918,0.18618991492546347,0.02586564043162834,1.5559841019425693,cumulative_dynamic_ipcw_patient_balanced_evaluation
history_adaptive_logistic_v61_transformer_cdrsb_qc,MMSE_plus_CDGLOBAL,history_depth_ge_4,raw,3,2239,769,383,1082,0.7700884261009846,0.5864292725977704,0.1698791577117906,0.3010844107494685,0.2966084160943741,0.004475994655094406,2.030080971104797,cumulative_dynamic_ipcw_patient_balanced_evaluation
history_adaptive_logistic_v61_transformer_cdrsb_qc,MMSE_plus_CDGLOBAL,history_depth_ge_4,raw,5,2239,769,504,627,0.7898566908894791,0.7239719843047756,0.185068465005597,0.42251109142325494,0.45050948376443284,0.027998392341177902,3.356461942569408,cumulative_dynamic_ipcw_patient_balanced_evaluation
history_adaptive_logistic_v61_transformer_cdrsb_qc,MMSE_plus_CDGLOBAL,history_depth_ge_4,cross_fitted_calibrated,1,2239,769,124,1923,0.7418805702609825,0.22847080830972094,0.08226356397600225,0.09770012277400501,0.1085205952674211,0.010820472493416083,1.1482079163853987,cumulative_dynamic_ipcw_patient_balanced_evaluation
history_adaptive_logistic_v61_transformer_cdrsb_qc,MMSE_plus_CDGLOBAL,history_depth_ge_4,cross_fitted_calibrated,2,2239,769,277,1431,0.7458110028427005,0.4363097617063083,0.14825572367129458,0.2120555553570918,0.26644980897602943,0.05439425361893763,1.5559841019425693,cumulative_dynamic_ipcw_patient_balanced_evaluation
history_adaptive_logistic_v61_transformer_cdrsb_qc,MMSE_plus_CDGLOBAL,history_depth_ge_4,cross_fitted_calibrated,3,2239,769,383,1082,0.7685845050694984,0.5758622350741217,0.17466950520045618,0.3010844107494685,0.3617673072634172,0.0606828965139487,2.030080971104797,cumulative_dynamic_ipcw_patient_balanced_evaluation
history_adaptive_logistic_v61_transformer_cdrsb_qc,MMSE_plus_CDGLOBAL,history_depth_ge_4,cross_fitted_calibrated,5,2239,769,504,627,0.7850588000743859,0.7201517529026845,0.19030494339506054,0.42251109142325494,0.48690938569858516,0.06439829427533023,3.356461942569408,cumulative_dynamic_ipcw_patient_balanced_evaluation
history_adaptive_logistic_v61_transformer_cdrsb_qc,MMSE_only,all,raw,1,4218,1421,245,3486,0.6657693358170782,0.20678021376764785,0.09773119792123136,0.11425603568234499,0.08995180921651054,0.024304226465834453,1.310880092106699,cumulative_dynamic_ipcw_patient_balanced_evaluation
history_adaptive_logistic_v61_transformer_cdrsb_qc,MMSE_only,all,raw,2,4218,1421,581,2599,0.6833570888007467,0.4404748285796689,0.177189506272952,0.2606466620436176,0.2296805336036916,0.030966128439925994,1.7723641633278346,cumulative_dynamic_ipcw_patient_balanced_evaluation
history_adaptive_logistic_v61_transformer_cdrsb_qc,MMSE_only,all,raw,3,4218,1421,805,1965,0.7055701509281409,0.5809843248011229,0.20289201439327914,0.361464050587186,0.3530729244900486,0.00839112609713738,2.2863664843509164,cumulative_dynamic_ipcw_patient_balanced_evaluation
history_adaptive_logistic_v61_transformer_cdrsb_qc,MMSE_only,all,raw,5,4218,1421,1045,1113,0.73620637753347,0.7229077254610605,0.2099856897791294,0.4782708377521914,0.5195344737752583,0.041263636023066874,3.8885699403850307,cumulative_dynamic_ipcw_patient_balanced_evaluation
history_adaptive_logistic_v61_transformer_cdrsb_qc,MMSE_only,all,cross_fitted_calibrated,1,4218,1421,245,3486,0.6494843743028078,0.20182581411797268,0.09812170578522031,0.11425603568234499,0.12202067011442393,0.0077646344320789346,1.310880092106699,cumulative_dynamic_ipcw_patient_balanced_evaluation
history_adaptive_logistic_v61_transformer_cdrsb_qc,MMSE_only,all,cross_fitted_calibrated,2,4218,1421,581,2599,0.6712592241244939,0.4246006519189117,0.17953902221759122,0.2606466620436176,0.28667845445734735,0.02603179241372977,1.7723641633278346,cumulative_dynamic_ipcw_patient_balanced_evaluation
history_adaptive_logistic_v61_transformer_cdrsb_qc,MMSE_only,all,cross_fitted_calibrated,3,4218,1421,805,1965,0.7022450896981661,0.5720677075964234,0.20539684716381987,0.361464050587186,0.3957906077921031,0.03432655720491712,2.2863664843509164,cumulative_dynamic_ipcw_patient_balanced_evaluation
history_adaptive_logistic_v61_transformer_cdrsb_qc,MMSE_only,all,cross_fitted_calibrated,5,4218,1421,1045,1113,0.7428414010607156,0.7290911104076256,0.21066842595616353,0.4782708377521914,0.5342004761347251,0.055929638382533675,3.8885699403850307,cumulative_dynamic_ipcw_patient_balanced_evaluation
history_adaptive_logistic_v61_transformer_cdrsb_qc,MMSE_only,history1_logistic,raw,1,754,754,27,531,0.5841509231551154,0.11666709183502176,0.08722626824109564,0.09426362042913965,0.04896103502945463,0.045302585399685014,1.7238633688339677,cumulative_dynamic_ipcw_patient_balanced_evaluation
history_adaptive_logistic_v61_transformer_cdrsb_qc,MMSE_only,history1_logistic,raw,2,754,754,60,405,0.6527410871787122,0.27955821158100747,0.15726419782293174,0.19478432968278508,0.1283036521437698,0.06648067753901529,2.538723643630652,cumulative_dynamic_ipcw_patient_balanced_evaluation
history_adaptive_logistic_v61_transformer_cdrsb_qc,MMSE_only,history1_logistic,raw,3,754,754,99,309,0.6782749407174123,0.4911012929213142,0.20733389145778897,0.31866970303125747,0.23385401080666723,0.08481569222459023,3.2335359340755923,cumulative_dynamic_ipcw_patient_balanced_evaluation
history_adaptive_logistic_v61_transformer_cdrsb_qc,MMSE_only,history1_logistic,raw,5,754,754,140,159,0.7222114270595923,0.685327789944196,0.21748579662577464,0.45180398292823787,0.39978864090457417,0.0520153420236637,5.983097598992892,cumulative_dynamic_ipcw_patient_balanced_evaluation
history_adaptive_logistic_v61_transformer_cdrsb_qc,MMSE_only,history1_logistic,cross_fitted_calibrated,1,754,754,27,531,0.45867467564841924,0.08760075693830775,0.08750478747690374,0.09426362042913965,0.09955558625643633,0.005291965827296685,1.7238633688339677,cumulative_dynamic_ipcw_patient_balanced_evaluation
history_adaptive_logistic_v61_transformer_cdrsb_qc,MMSE_only,history1_logistic,cross_fitted_calibrated,2,754,754,60,405,0.5711907812448997,0.21912996555155742,0.16158438986733423,0.19478432968278508,0.22328807564827924,0.028503745965494154,2.538723643630652,cumulative_dynamic_ipcw_patient_balanced_evaluation
history_adaptive_logistic_v61_transformer_cdrsb_qc,MMSE_only,history1_logistic,cross_fitted_calibrated,3,754,754,99,309,0.6328073304175565,0.4543408674570657,0.208187160745022,0.31866970303125747,0.3546648832656264,0.03599518023436893,3.2335359340755923,cumulative_dynamic_ipcw_patient_balanced_evaluation
history_adaptive_logistic_v61_transformer_cdrsb_qc,MMSE_only,history1_logistic,cross_fitted_calibrated,5,754,754,140,159,0.7047555439227737,0.6685669704246573,0.22543070830600223,0.45180398292823787,0.5314434422554414,0.07963945932720351,5.983097598992892,cumulative_dynamic_ipcw_patient_balanced_evaluation
history_adaptive_logistic_v61_transformer_cdrsb_qc,MMSE_only,history_ge_2_v61,raw,1,3464,1098,218,2955,0.6869574444344654,0.22253354834965258,0.10152510296198733,0.12112357116396451,0.10360609353342104,0.017517477630543468,1.1722614290002968,cumulative_dynamic_ipcw_patient_balanced_evaluation
history_adaptive_logistic_v61_transformer_cdrsb_qc,MMSE_only,history_ge_2_v61,raw,2,3464,1098,521,2194,0.6937346577241611,0.46887492480160814,0.18245842003080218,0.28016155680433585,0.26044189843888294,0.01971965836545292,1.5432763047370626,cumulative_dynamic_ipcw_patient_balanced_evaluation
history_adaptive_logistic_v61_transformer_cdrsb_qc,MMSE_only,history_ge_2_v61,raw,3,3464,1098,706,1656,0.7218549384493754,0.6085834439602381,0.20148352066864617,0.37451819071602105,0.38940368143813364,0.014885490722112593,1.9977830618097057,cumulative_dynamic_ipcw_patient_balanced_evaluation
history_adaptive_logistic_v61_transformer_cdrsb_qc,MMSE_only,history_ge_2_v61,raw,5,3464,1098,905,954,0.7583834296372491,0.7501410054811504,0.20615859315017704,0.4861546009174126,0.5545067950917748,0.06835219417436222,3.312024071416148,cumulative_dynamic_ipcw_patient_balanced_evaluation
history_adaptive_logistic_v61_transformer_cdrsb_qc,MMSE_only,history_ge_2_v61,cross_fitted_calibrated,1,3464,1098,218,2955,0.6795695630504273,0.2215722000397027,0.10191217809720757,0.12112357116396451,0.12948271026736216,0.008359139103397653,1.1722614290002968,cumulative_dynamic_ipcw_patient_balanced_evaluation
history_adaptive_logistic_v61_transformer_cdrsb_qc,MMSE_only,history_ge_2_v61,cross_fitted_calibrated,2,3464,1098,521,2194,0.68918821159885,0.46416696921169176,0.1843987118496751,0.28016155680433585,0.30598098818795333,0.025819431383617475,1.5432763047370626,cumulative_dynamic_ipcw_patient_balanced_evaluation
history_adaptive_logistic_v61_transformer_cdrsb_qc,MMSE_only,history_ge_2_v61,cross_fitted_calibrated,3,3464,1098,706,1656,0.7174353123533026,0.5942752218705927,0.20441705521517145,0.37451819071602105,0.40842064540919004,0.03390245469316899,1.9977830618097057,cumulative_dynamic_ipcw_patient_balanced_evaluation
history_adaptive_logistic_v61_transformer_cdrsb_qc,MMSE_only,history_ge_2_v61,cross_fitted_calibrated,5,3464,1098,905,954,0.7528955685551034,0.7437441488186354,0.20621352952417343,0.4861546009174126,0.535727152316695,0.049572551399282405,3.312024071416148,cumulative_dynamic_ipcw_patient_balanced_evaluation
history_adaptive_logistic_v61_transformer_cdrsb_qc,MMSE_only,history_ge_3_v61,raw,1,2964,996,185,2536,0.7008192881910837,0.21947225331481318,0.09408004814571626,0.11175611465764039,0.09757584271069958,0.014180271946940812,1.1443906105647919,cumulative_dynamic_ipcw_patient_balanced_evaluation
history_adaptive_logistic_v61_transformer_cdrsb_qc,MMSE_only,history_ge_3_v61,raw,2,2964,996,414,1889,0.7133726721578816,0.459399753338549,0.16472472682824243,0.24591089734818103,0.24924121419549264,0.0033303168473116096,1.5313181032370853,cumulative_dynamic_ipcw_patient_balanced_evaluation
history_adaptive_logistic_v61_transformer_cdrsb_qc,MMSE_only,history_ge_3_v61,raw,3,2964,996,567,1420,0.734846535196387,0.5971669980973924,0.19105685569802539,0.3406579259073935,0.3755222730700788,0.03486434716268527,1.988024399589658,cumulative_dynamic_ipcw_patient_balanced_evaluation
history_adaptive_logistic_v61_transformer_cdrsb_qc,MMSE_only,history_ge_3_v61,raw,5,2964,996,719,823,0.7573002545119758,0.7160633594331797,0.20889461039464177,0.44378501359857636,0.5401284805360483,0.09634346693747198,3.329269144317612,cumulative_dynamic_ipcw_patient_balanced_evaluation
history_adaptive_logistic_v61_transformer_cdrsb_qc,MMSE_only,history_ge_3_v61,cross_fitted_calibrated,1,2964,996,185,2536,0.6911009431988431,0.2142628749600018,0.09478629339479727,0.11175611465764039,0.12322795583617858,0.011471841178538195,1.1443906105647919,cumulative_dynamic_ipcw_patient_balanced_evaluation
history_adaptive_logistic_v61_transformer_cdrsb_qc,MMSE_only,history_ge_3_v61,cross_fitted_calibrated,2,2964,996,414,1889,0.7080909588151763,0.4484470437228402,0.16919308547879383,0.24591089734818103,0.2954237018806614,0.04951280453248039,1.5313181032370853,cumulative_dynamic_ipcw_patient_balanced_evaluation
history_adaptive_logistic_v61_transformer_cdrsb_qc,MMSE_only,history_ge_3_v61,cross_fitted_calibrated,3,2964,996,567,1420,0.7297182625186079,0.5788632384642214,0.1953756296896443,0.3406579259073935,0.395350454686845,0.054692528779451466,1.988024399589658,cumulative_dynamic_ipcw_patient_balanced_evaluation
history_adaptive_logistic_v61_transformer_cdrsb_qc,MMSE_only,history_ge_3_v61,cross_fitted_calibrated,5,2964,996,719,823,0.7500083594896993,0.7088055707890037,0.2082884324046029,0.44378501359857636,0.5215559762419121,0.07777096264333572,3.329269144317612,cumulative_dynamic_ipcw_patient_balanced_evaluation
history_adaptive_logistic_v61_transformer_cdrsb_qc,MMSE_only,history_depth_2,raw,1,500,498,33,419,0.6271741347079427,0.24713347676163033,0.13014246745988506,0.15714639702786962,0.1265811142294553,0.030565282798414306,1.2780020413230813,cumulative_dynamic_ipcw_patient_balanced_evaluation
history_adaptive_logistic_v61_transformer_cdrsb_qc,MMSE_only,history_depth_2,raw,2,500,498,107,305,0.6091581484934654,0.5134374212205944,0.2470720225329203,0.40691842866610634,0.3004469785231516,0.10647145014295473,1.570206116542385,cumulative_dynamic_ipcw_patient_balanced_evaluation
history_adaptive_logistic_v61_transformer_cdrsb_qc,MMSE_only,history_depth_2,raw,3,500,498,139,236,0.6543245062592695,0.6493134791121182,0.23854606351500968,0.4992855623420007,0.43857046401111466,0.060715098330886064,2.004913259450856,cumulative_dynamic_ipcw_patient_balanced_evaluation
history_adaptive_logistic_v61_transformer_cdrsb_qc,MMSE_only,history_depth_2,raw,5,500,498,186,131,0.746972412337898,0.8385731526351171,0.19556484193598872,0.6390908301952608,0.6048547317610021,0.03423609843425868,3.1523548046714005,cumulative_dynamic_ipcw_patient_balanced_evaluation
history_adaptive_logistic_v61_transformer_cdrsb_qc,MMSE_only,history_depth_2,cross_fitted_calibrated,1,500,498,33,419,0.6264403281602458,0.2611764509278935,0.12929410275874642,0.15714639702786962,0.15331366958683823,0.003832727441031386,1.2780020413230813,cumulative_dynamic_ipcw_patient_balanced_evaluation
history_adaptive_logistic_v61_transformer_cdrsb_qc,MMSE_only,history_depth_2,cross_fitted_calibrated,2,500,498,107,305,0.6076471784848179,0.5231268276530933,0.239624982191765,0.40691842866610634,0.3436922455147601,0.06322618315134626,1.570206116542385,cumulative_dynamic_ipcw_patient_balanced_evaluation
history_adaptive_logistic_v61_transformer_cdrsb_qc,MMSE_only,history_depth_2,cross_fitted_calibrated,3,500,498,139,236,0.6533117434282723,0.6503553065950536,0.23641965628857867,0.4992855623420007,0.45473093730370606,0.04455462503829466,2.004913259450856,cumulative_dynamic_ipcw_patient_balanced_evaluation
history_adaptive_logistic_v61_transformer_cdrsb_qc,MMSE_only,history_depth_2,cross_fitted_calibrated,5,500,498,186,131,0.7454667349542058,0.8343623056794276,0.19799067009035137,0.6390908301952608,0.5853117875340664,0.053779042661194376,3.1523548046714005,cumulative_dynamic_ipcw_patient_balanced_evaluation
history_adaptive_logistic_v61_transformer_cdrsb_qc,MMSE_only,history_depth_3,raw,1,725,723,61,613,0.7031037658090036,0.27676901475080484,0.11407437456611988,0.14064540279411852,0.10685494238514849,0.03379046040897003,1.1352790363101217,cumulative_dynamic_ipcw_patient_balanced_evaluation
history_adaptive_logistic_v61_transformer_cdrsb_qc,MMSE_only,history_depth_3,raw,2,725,723,137,458,0.7196690820341619,0.5561430328989323,0.188746854971892,0.31315185890160574,0.2631327897773637,0.05001906912424203,1.4779315781375497,cumulative_dynamic_ipcw_patient_balanced_evaluation
history_adaptive_logistic_v61_transformer_cdrsb_qc,MMSE_only,history_depth_3,raw,3,725,723,184,338,0.7569538114430594,0.6904801614673658,0.1963518170053983,0.41697181239069203,0.38504705731908806,0.03192475507160397,1.9017028340129498,cumulative_dynamic_ipcw_patient_balanced_evaluation
history_adaptive_logistic_v61_transformer_cdrsb_qc,MMSE_only,history_depth_3,raw,5,725,723,215,196,0.786251869727859,0.7819900888754995,0.1920348402818303,0.4851695432623897,0.537971440555667,0.05280189729327733,3.275298398295906,cumulative_dynamic_ipcw_patient_balanced_evaluation
history_adaptive_logistic_v61_transformer_cdrsb_qc,MMSE_only,history_depth_3,cross_fitted_calibrated,1,725,723,61,613,0.6951899158576108,0.26368017607088623,0.11405927098536169,0.14064540279411852,0.13210378217304033,0.008541620621078189,1.1352790363101217,cumulative_dynamic_ipcw_patient_balanced_evaluation
history_adaptive_logistic_v61_transformer_cdrsb_qc,MMSE_only,history_depth_3,cross_fitted_calibrated,2,725,723,137,458,0.7105745232935916,0.542789238957347,0.18911956050305015,0.31315185890160574,0.30764740386511974,0.005504455036486,1.4779315781375497,cumulative_dynamic_ipcw_patient_balanced_evaluation
history_adaptive_logistic_v61_transformer_cdrsb_qc,MMSE_only,history_depth_3,cross_fitted_calibrated,3,725,723,184,338,0.7499880799317709,0.6717441938649988,0.19914245147509962,0.41697181239069203,0.4039017192092588,0.013070093181433207,1.9017028340129498,cumulative_dynamic_ipcw_patient_balanced_evaluation
history_adaptive_logistic_v61_transformer_cdrsb_qc,MMSE_only,history_depth_3,cross_fitted_calibrated,5,725,723,215,196,0.7811639711435732,0.7768410952579139,0.19323093119169824,0.4851695432623897,0.520971517288001,0.03580197402561125,3.275298398295906,cumulative_dynamic_ipcw_patient_balanced_evaluation
history_adaptive_logistic_v61_transformer_cdrsb_qc,MMSE_only,history_depth_ge_4,raw,1,2239,769,124,1923,0.6942640112579532,0.1868242964758868,0.08435921720235522,0.09770012277400501,0.0929022517469519,0.004797871027053119,1.1482079163853987,cumulative_dynamic_ipcw_patient_balanced_evaluation
history_adaptive_logistic_v61_transformer_cdrsb_qc,MMSE_only,history_depth_ge_4,raw,2,2239,769,277,1431,0.7067929140866829,0.39115549090214785,0.15257958440623676,0.2120555553570918,0.24218358729155984,0.03012803193446803,1.5559841019425693,cumulative_dynamic_ipcw_patient_balanced_evaluation
history_adaptive_logistic_v61_transformer_cdrsb_qc,MMSE_only,history_depth_ge_4,raw,3,2239,769,383,1082,0.7219466719521244,0.5336680654417194,0.18827002513695268,0.3010844107494685,0.3708064855076489,0.06972207475818037,2.030080971104797,cumulative_dynamic_ipcw_patient_balanced_evaluation
history_adaptive_logistic_v61_transformer_cdrsb_qc,MMSE_only,history_depth_ge_4,raw,5,2239,769,504,627,0.7426537504065136,0.6783811997650302,0.21745303443126685,0.42251109142325494,0.5413462338504409,0.11883514242718596,3.356461942569408,cumulative_dynamic_ipcw_patient_balanced_evaluation
history_adaptive_logistic_v61_transformer_cdrsb_qc,MMSE_only,history_depth_ge_4,cross_fitted_calibrated,1,2239,769,124,1923,0.6826853885559582,0.18582848440014624,0.08540397555752181,0.09770012277400501,0.11875818087052172,0.021058058096516702,1.1482079163853987,cumulative_dynamic_ipcw_patient_balanced_evaluation
history_adaptive_logistic_v61_transformer_cdrsb_qc,MMSE_only,history_depth_ge_4,cross_fitted_calibrated,2,2239,769,277,1431,0.7035346130639766,0.3839502591817285,0.15911002267575697,0.2120555553570918,0.2892143622470007,0.07715880688990889,1.5559841019425693,cumulative_dynamic_ipcw_patient_balanced_evaluation
history_adaptive_logistic_v61_transformer_cdrsb_qc,MMSE_only,history_depth_ge_4,cross_fitted_calibrated,3,2239,769,383,1082,0.7179949281014595,0.5179343543238357,0.19338883233569062,0.3010844107494685,0.39111757890772275,0.09003316815825424,2.030080971104797,cumulative_dynamic_ipcw_patient_balanced_evaluation
history_adaptive_logistic_v61_transformer_cdrsb_qc,MMSE_only,history_depth_ge_4,cross_fitted_calibrated,5,2239,769,504,627,0.734222108848825,0.6696930247102776,0.21592276699247157,0.42251109142325494,0.5219629764939053,0.09945188507065039,3.356461942569408,cumulative_dynamic_ipcw_patient_balanced_evaluation
